{
"type": "FeatureCollection",
"name": "gdf_diocese",
"crs": { "type": "name", "properties": { "name": "urn:ogc:def:crs:OGC:1.3:CRS84" } },
"features": [
{ "type": "Feature", "properties": { "diocese_11": "https://g17.dhi-roma.it/resources/institution_100", "diocese_11_label": "Barensis", "event_lead_speed": 0.1139565385321011, "time_delta": 52.0, "distance": 374.54667201300759, "distance_sum": 10112.760144351205, "time_delta_sum": 2138.0, "event_count": 27, "distance_log": 5.925660463515964, "distance_sum_log": 159.99283251493102, "diocese_lead_speed": 0.1139565385321011 }, "geometry": { "type": "Point", "coordinates": [ 16.866666666667001, 41.125277777778003 ] } },
{ "type": "Feature", "properties": { "diocese_11": "https://g17.dhi-roma.it/resources/institution_1018", "diocese_11_label": "Casalensis", "event_lead_speed": 0.1316084320059745, "time_delta": 47.0, "distance": 485.66519738377923, "distance_sum": 6313.6475659891303, "time_delta_sum": 3682.0, "event_count": 13, "distance_log": 6.185519456808521, "distance_sum_log": 80.411752938510773, "diocese_lead_speed": 0.1316084320059745 }, "geometry": { "type": "Point", "coordinates": [ 8.4583333333333, 45.134166666666999 ] } },
{ "type": "Feature", "properties": { "diocese_11": "https://g17.dhi-roma.it/resources/institution_107", "diocese_11_label": "Beneventana", "event_lead_speed": 0.037350361017201815, "time_delta": 143.0, "distance": 208.16791960518657, "distance_sum": 8118.5488646022759, "time_delta_sum": 7568.0, "event_count": 39, "distance_log": 5.3379492952430594, "distance_sum_log": 208.1800225144793, "diocese_lead_speed": 0.037350361017201815 }, "geometry": { "type": "Point", "coordinates": [ 14.783333333332999, 41.133333333332999 ] } },
{ "type": "Feature", "properties": { "diocese_11": "https://g17.dhi-roma.it/resources/institution_108", "diocese_11_label": "Bergomensis", "event_lead_speed": 0.16681311598171594, "time_delta": 37.0, "distance": 481.62608363144204, "distance_sum": 7224.3912544716304, "time_delta_sum": 1478.0, "event_count": 15, "distance_log": 6.17708769537201, "distance_sum_log": 92.65631543058015, "diocese_lead_speed": 0.16681311598171594 }, "geometry": { "type": "Point", "coordinates": [ 9.67, 45.695 ] } },
{ "type": "Feature", "properties": { "diocese_11": "https://g17.dhi-roma.it/resources/institution_110", "diocese_11_label": "Bisignanensis", "event_lead_speed": 0.054827586042306052, "time_delta": 110.0, "distance": 415.93851343911945, "distance_sum": 2911.569594073836, "time_delta_sum": 1739.0, "event_count": 7, "distance_log": 6.0305371360114295, "distance_sum_log": 42.213759952080004, "diocese_lead_speed": 0.054827586042306052 }, "geometry": { "type": "Point", "coordinates": [ 16.28106, 39.50727 ] } },
{ "type": "Feature", "properties": { "diocese_11": "https://g17.dhi-roma.it/resources/institution_111", "diocese_11_label": "Bisuntina", "event_lead_speed": 0.079222868328338206, "time_delta": 84.5, "distance": 786.27761440801282, "distance_sum": 7862.7761440801278, "time_delta_sum": 1151.0, "event_count": 10, "distance_log": 6.6672782071594581, "distance_sum_log": 66.672782071594582, "diocese_lead_speed": 0.079222868328338206 }, "geometry": { "type": "Point", "coordinates": [ 6.0213888888889, 47.242222222221997 ] } },
{ "type": "Feature", "properties": { "diocese_11": "https://g17.dhi-roma.it/resources/institution_114", "diocese_11_label": "Bituntina", "event_lead_speed": 0.060739332973497116, "time_delta": 97.0, "distance": 361.97707213628672, "distance_sum": 6877.5643705894481, "time_delta_sum": 3573.0, "event_count": 19, "distance_log": 5.8915786988014078, "distance_sum_log": 111.93999527722674, "diocese_lead_speed": 0.060739332973497116 }, "geometry": { "type": "Point", "coordinates": [ 16.691666666667, 41.108333333333 ] } },
{ "type": "Feature", "properties": { "diocese_11": "https://g17.dhi-roma.it/resources/institution_116", "diocese_11_label": "Bobiensis", "event_lead_speed": 0.095214227950669167, "time_delta": 64.5, "distance": 410.11824978403564, "distance_sum": 4921.4189974084275, "time_delta_sum": 716.0, "event_count": 12, "distance_log": 6.0162905553697081, "distance_sum_log": 72.195486664436501, "diocese_lead_speed": 0.095214227950669167 }, "geometry": { "type": "Point", "coordinates": [ 9.3864, 44.7715 ] } },
{ "type": "Feature", "properties": { "diocese_11": "https://g17.dhi-roma.it/resources/institution_117", "diocese_11_label": "Boianensis", "event_lead_speed": 0.067677787221700217, "time_delta": 76.0, "distance": 171.01554141720891, "distance_sum": 3249.2952869269693, "time_delta_sum": 2460.0, "event_count": 19, "distance_log": 5.1417500972718271, "distance_sum_log": 97.693251848164721, "diocese_lead_speed": 0.067677787221700217 }, "geometry": { "type": "Point", "coordinates": [ 14.466666666667001, 41.483333333333 ] } },
{ "type": "Feature", "properties": { "diocese_11": "https://g17.dhi-roma.it/resources/institution_120", "diocese_11_label": "Bononiensis", "event_lead_speed": 0.096862745045540391, "time_delta": 59.0, "distance": 303.39800080916552, "distance_sum": 5764.5620153741447, "time_delta_sum": 2427.0, "event_count": 19, "distance_log": 5.7150454701126128, "distance_sum_log": 108.58586393213965, "diocese_lead_speed": 0.096862745045540391 }, "geometry": { "type": "Point", "coordinates": [ 11.342777777778, 44.493888888889003 ] } },
{ "type": "Feature", "properties": { "diocese_11": "https://g17.dhi-roma.it/resources/institution_123", "diocese_11_label": "Bovensis", "event_lead_speed": 0.093431030187124522, "time_delta": 67.0, "distance": 523.05352355740968, "distance_sum": 3661.3746649018681, "time_delta_sum": 499.0, "event_count": 7, "distance_log": 6.2596837506672838, "distance_sum_log": 43.817786254670985, "diocese_lead_speed": 0.093431030187124522 }, "geometry": { "type": "Point", "coordinates": [ 15.933333333333, 38.0 ] } },
{ "type": "Feature", "properties": { "diocese_11": "https://g17.dhi-roma.it/resources/institution_125", "diocese_11_label": "Bracharensis", "event_lead_speed": 0.055251975128517622, "time_delta": 135.0, "distance": 1736.6891763262136, "distance_sum": 39943.851055502913, "time_delta_sum": 4039.4, "event_count": 23, "distance_log": 7.4597330050681441, "distance_sum_log": 171.57385911656732, "diocese_lead_speed": 0.055251975128517622 }, "geometry": { "type": "Point", "coordinates": [ -8.4166666666667, 41.533333333332997 ] } },
{ "type": "Feature", "properties": { "diocese_11": "https://g17.dhi-roma.it/resources/institution_126", "diocese_11_label": "Brindusina", "event_lead_speed": 0.018141499581522374, "time_delta": 340.0, "distance": 478.10572547739127, "distance_sum": 8605.9030585930432, "time_delta_sum": 17250.0, "event_count": 18, "distance_log": 6.1698313213507525, "distance_sum_log": 111.05696378431355, "diocese_lead_speed": 0.018141499581522374 }, "geometry": { "type": "Point", "coordinates": [ 17.945833333332999, 40.638333333333001 ] } },
{ "type": "Feature", "properties": { "diocese_11": "https://g17.dhi-roma.it/resources/institution_129", "diocese_11_label": "Brixiensis", "event_lead_speed": 0.08071778212372914, "time_delta": 76.0, "distance": 448.2044550494503, "distance_sum": 5826.6579156428543, "time_delta_sum": 1296.0, "event_count": 13, "distance_log": 6.1051186641096908, "distance_sum_log": 79.366542633425979, "diocese_lead_speed": 0.08071778212372914 }, "geometry": { "type": "Point", "coordinates": [ 10.220280555556, 45.538888888888998 ] } },
{ "type": "Feature", "properties": { "diocese_11": "https://g17.dhi-roma.it/resources/institution_132", "diocese_11_label": "Brugnatensis", "event_lead_speed": 0.067924001844611379, "time_delta": 86.0, "distance": 344.00381929092987, "distance_sum": 1720.0190964546493, "time_delta_sum": 497.0, "event_count": 5, "distance_log": 5.8406525403071203, "distance_sum_log": 29.2032627015356, "diocese_lead_speed": 0.067924001844611379 }, "geometry": { "type": "Point", "coordinates": [ 9.725238888888899, 44.236675 ] } },
{ "type": "Feature", "properties": { "diocese_11": "https://g17.dhi-roma.it/resources/institution_134", "diocese_11_label": "Burgensis", "event_lead_speed": 0.02534944783530009, "time_delta": 284.0, "distance": 1341.4138042498298, "distance_sum": 29511.103693496258, "time_delta_sum": 11161.0, "event_count": 22, "distance_log": 7.2014636973575881, "distance_sum_log": 158.43220134186694, "diocese_lead_speed": 0.02534944783530009 }, "geometry": { "type": "Point", "coordinates": [ -3.6997222222222, 42.340833333333002 ] } },
{ "type": "Feature", "properties": { "diocese_11": "https://g17.dhi-roma.it/resources/institution_135", "diocese_11_label": "Burgi S. Donnini", "event_lead_speed": 0.10823668522806137, "time_delta": 55.5, "distance": 383.57568544410361, "distance_sum": 4602.9082253292436, "time_delta_sum": 708.0, "event_count": 12, "distance_log": 5.9495337118698508, "distance_sum_log": 71.39440454243821, "diocese_lead_speed": 0.10823668522806137 }, "geometry": { "type": "Point", "coordinates": [ 10.066666666667, 44.866666666667001 ] } },
{ "type": "Feature", "properties": { "diocese_11": "https://g17.dhi-roma.it/resources/institution_140", "diocese_11_label": "Caesaraugustana", "event_lead_speed": 0.049039228296601081, "time_delta": 143.0, "distance": 1111.5208671207997, "distance_sum": 71137.335495731182, "time_delta_sum": 18164.0, "event_count": 64, "distance_log": 7.0134819760583644, "distance_sum_log": 448.86284646773532, "diocese_lead_speed": 0.049039228296601081 }, "geometry": { "type": "Point", "coordinates": [ -0.88333333333333, 41.65 ] } },
{ "type": "Feature", "properties": { "diocese_11": "https://g17.dhi-roma.it/resources/institution_142", "diocese_11_label": "Caietana", "event_lead_speed": 0.06090297783295872, "time_delta": 75.0, "distance": 111.29130484189419, "distance_sum": 779.0391338932593, "time_delta_sum": 1479.0, "event_count": 7, "distance_log": 4.7083087881602115, "distance_sum_log": 32.958161517121482, "diocese_lead_speed": 0.06090297783295872 }, "geometry": { "type": "Point", "coordinates": [ 13.566666666667, 41.216666666667003 ] } },
{ "type": "Feature", "properties": { "diocese_11": "https://g17.dhi-roma.it/resources/institution_143", "diocese_11_label": "Calaguritana", "event_lead_speed": 0.026494484847561922, "time_delta": 267.5, "distance": 1197.0873276245286, "distance_sum": 23941.746552490571, "time_delta_sum": 10145.0, "event_count": 20, "distance_log": 7.0876346151789589, "distance_sum_log": 141.75269230357918, "diocese_lead_speed": 0.026494484847561922 }, "geometry": { "type": "Point", "coordinates": [ -1.9647222222222, 42.303333333333001 ] } },
{ "type": "Feature", "properties": { "diocese_11": "https://g17.dhi-roma.it/resources/institution_146", "diocese_11_label": "Calvensis", "event_lead_speed": 0.028073598460245177, "time_delta": 192.0, "distance": 219.60922851107395, "distance_sum": 1537.2645995775176, "time_delta_sum": 4674.0, "event_count": 7, "distance_log": 5.3918409352902108, "distance_sum_log": 37.742886547031475, "diocese_lead_speed": 0.028073598460245177 }, "geometry": { "type": "Point", "coordinates": [ 14.866666666666999, 41.066666666666997 ] } },
{ "type": "Feature", "properties": { "diocese_11": "https://g17.dhi-roma.it/resources/institution_148", "diocese_11_label": "Cameracensis", "event_lead_speed": 0.080519541598333466, "time_delta": 88.5, "distance": 1164.6326047685382, "distance_sum": 16304.856466759533, "time_delta_sum": 2710.0, "event_count": 14, "distance_log": 7.0601609468126494, "distance_sum_log": 98.842253255377088, "diocese_lead_speed": 0.080519541598333466 }, "geometry": { "type": "Point", "coordinates": [ 3.2347222222222, 50.175833333333003 ] } },
{ "type": "Feature", "properties": { "diocese_11": "https://g17.dhi-roma.it/resources/institution_149", "diocese_11_label": "Camerinensis", "event_lead_speed": 0.12760845864723708, "time_delta": 39.0, "distance": 145.48811354502962, "distance_sum": 4219.1552928058591, "time_delta_sum": 4871.2, "event_count": 29, "distance_log": 4.980064008678581, "distance_sum_log": 144.42185625167886, "diocese_lead_speed": 0.12760845864723708 }, "geometry": { "type": "Point", "coordinates": [ 13.066666666667, 43.133333333332999 ] } },
{ "type": "Feature", "properties": { "diocese_11": "https://g17.dhi-roma.it/resources/institution_15", "diocese_11_label": "Abulensis", "event_lead_speed": 0.033231528078976919, "time_delta": 219.0, "distance": 1445.6132208317058, "distance_sum": 46259.623066614586, "time_delta_sum": 9168.0, "event_count": 32, "distance_log": 7.2762815731981316, "distance_sum_log": 232.84101034234021, "diocese_lead_speed": 0.033231528078976919 }, "geometry": { "type": "Point", "coordinates": [ -4.6962222222222, 40.654347222222 ] } },
{ "type": "Feature", "properties": { "diocese_11": "https://g17.dhi-roma.it/resources/institution_151", "diocese_11_label": "Campaniensis", "event_lead_speed": 0.21365936690391923, "time_delta": 26.0, "distance": 253.71085762249626, "distance_sum": 1268.5542881124813, "time_delta_sum": 168.0, "event_count": 5, "distance_log": 5.5356271948610853, "distance_sum_log": 27.678135974305427, "diocese_lead_speed": 0.21365936690391923 }, "geometry": { "type": "Point", "coordinates": [ 15.10638, 40.66661 ] } },
{ "type": "Feature", "properties": { "diocese_11": "https://g17.dhi-roma.it/resources/institution_153", "diocese_11_label": "Camplensis", "event_lead_speed": 0.16197660219720511, "time_delta": 32.5, "distance": 135.01914949646886, "distance_sum": 1080.1531959717508, "time_delta_sum": 2150.8, "event_count": 8, "distance_log": 4.9054051579747888, "distance_sum_log": 39.243241263798311, "diocese_lead_speed": 0.16197660219720511 }, "geometry": { "type": "Point", "coordinates": [ 13.686088888889, 42.726130555555997 ] } },
{ "type": "Feature", "properties": { "diocese_11": "https://g17.dhi-roma.it/resources/institution_155", "diocese_11_label": "Capuana", "event_lead_speed": 0.46584916689646522, "time_delta": 11.0, "distance": 168.54997956809842, "distance_sum": 3033.8996322257717, "time_delta_sum": 913.0, "event_count": 18, "distance_log": 5.1272289845433816, "distance_sum_log": 92.290121721780864, "diocese_lead_speed": 0.46584916689646522 }, "geometry": { "type": "Point", "coordinates": [ 14.213888888889, 41.105555555556002 ] } },
{ "type": "Feature", "properties": { "diocese_11": "https://g17.dhi-roma.it/resources/institution_156", "diocese_11_label": "Caputaquensis", "event_lead_speed": 0.10033540123632323, "time_delta": 56.0, "distance": 272.8987549397005, "distance_sum": 4093.4813240955077, "time_delta_sum": 2379.0, "event_count": 15, "distance_log": 5.6090966525355226, "distance_sum_log": 84.136449788032834, "diocese_lead_speed": 0.10033540123632323 }, "geometry": { "type": "Point", "coordinates": [ 15.083333333333, 40.416666666666998 ] } },
{ "type": "Feature", "properties": { "diocese_11": "https://g17.dhi-roma.it/resources/institution_16", "diocese_11_label": "Acernensis", "event_lead_speed": 0.017195990427482415, "time_delta": 321.0, "distance": 246.13527796815399, "distance_sum": 1722.9469457770779, "time_delta_sum": 1791.0, "event_count": 7, "distance_log": 5.505405173217369, "distance_sum_log": 38.537836212521583, "diocese_lead_speed": 0.017195990427482415 }, "geometry": { "type": "Point", "coordinates": [ 15.05, 40.75 ] } },
{ "type": "Feature", "properties": { "diocese_11": "https://g17.dhi-roma.it/resources/institution_162", "diocese_11_label": "Carthaginensis", "event_lead_speed": 0.048500326914058825, "time_delta": 147.0, "distance": 1248.0577273581819, "distance_sum": 13728.635000940001, "time_delta_sum": 2666.0, "event_count": 11, "distance_log": 7.1293437098235817, "distance_sum_log": 78.4227808080594, "diocese_lead_speed": 0.048500326914058825 }, "geometry": { "type": "Point", "coordinates": [ -0.984166666666667, 37.601944444444442 ] } },
{ "type": "Feature", "properties": { "diocese_11": "https://g17.dhi-roma.it/resources/institution_164", "diocese_11_label": "Casertana", "event_lead_speed": 0.078300247111659643, "time_delta": 67.0, "distance": 179.19874813156844, "distance_sum": 1433.5899850525475, "time_delta_sum": 1668.0, "event_count": 8, "distance_log": 5.1884926520100425, "distance_sum_log": 41.50794121608034, "diocese_lead_speed": 0.078300247111659643 }, "geometry": { "type": "Point", "coordinates": [ 14.333333, 41.066667 ] } },
{ "type": "Feature", "properties": { "diocese_11": "https://g17.dhi-roma.it/resources/institution_166", "diocese_11_label": "Cassanensis", "event_lead_speed": 0.054453156712679425, "time_delta": 110.0, "distance": 399.23949257092806, "distance_sum": 2794.6764479964963, "time_delta_sum": 1711.0, "event_count": 7, "distance_log": 5.9895612235334843, "distance_sum_log": 41.926928564734389, "diocese_lead_speed": 0.054453156712679425 }, "geometry": { "type": "Point", "coordinates": [ 16.318888888888999, 39.783888888889003 ] } },
{ "type": "Feature", "properties": { "diocese_11": "https://g17.dhi-roma.it/resources/institution_167", "diocese_11_label": "Castellanetensis", "event_lead_speed": 0.005039672667064973, "time_delta": 1188.0, "distance": 398.27038283035535, "distance_sum": 1991.3519141517768, "time_delta_sum": 5940.0, "event_count": 5, "distance_log": 5.9871311284731874, "distance_sum_log": 29.935655642365937, "diocese_lead_speed": 0.005039672667064973 }, "geometry": { "type": "Point", "coordinates": [ 16.933333333333, 40.633333333332999 ] } },
{ "type": "Feature", "properties": { "diocese_11": "https://g17.dhi-roma.it/resources/institution_174", "diocese_11_label": "Cathacensis", "event_lead_speed": 0.096567688738018076, "time_delta": 64.0, "distance": 481.19110735253287, "distance_sum": 3368.33775146773, "time_delta_sum": 660.0, "event_count": 7, "distance_log": 6.1762610345090305, "distance_sum_log": 43.233827241563212, "diocese_lead_speed": 0.096567688738018076 }, "geometry": { "type": "Point", "coordinates": [ 16.5875, 38.91 ] } },
{ "type": "Feature", "properties": { "diocese_11": "https://g17.dhi-roma.it/resources/institution_179", "diocese_11_label": "Celsonensis", "event_lead_speed": 0.066995222504598745, "time_delta": 102.0, "distance": 910.73268964003466, "distance_sum": 10018.059586040381, "time_delta_sum": 3360.0, "event_count": 11, "distance_log": 6.8142300654047938, "distance_sum_log": 74.956530719452729, "diocese_lead_speed": 0.066995222504598745 }, "geometry": { "type": "Point", "coordinates": [ 1.517823, 41.994425 ] } },
{ "type": "Feature", "properties": { "diocese_11": "https://g17.dhi-roma.it/resources/institution_180", "diocese_11_label": "Cenetensis", "event_lead_speed": 0.04190461422823203, "time_delta": 146.0, "distance": 456.28448152042859, "distance_sum": 2281.4224076021428, "time_delta_sum": 742.0, "event_count": 5, "distance_log": 6.1230663749150329, "distance_sum_log": 30.615331874575165, "diocese_lead_speed": 0.04190461422823203 }, "geometry": { "type": "Point", "coordinates": [ 12.293055555556, 45.976666666667001 ] } },
{ "type": "Feature", "properties": { "diocese_11": "https://g17.dhi-roma.it/resources/institution_184", "diocese_11_label": "Casenatensis", "event_lead_speed": 0.073793317450570425, "time_delta": 75.0, "distance": 249.41757455364547, "distance_sum": 3990.6811928583274, "time_delta_sum": 1339.0, "event_count": 16, "distance_log": 5.5191277891840125, "distance_sum_log": 88.3060446269442, "diocese_lead_speed": 0.073793317450570425 }, "geometry": { "type": "Point", "coordinates": [ 12.233333333333, 44.133333333332999 ] } },
{ "type": "Feature", "properties": { "diocese_11": "https://g17.dhi-roma.it/resources/institution_187", "diocese_11_label": "Civitatensis Provinciae Compostellani", "event_lead_speed": 0.088860579960579805, "time_delta": 83.0, "distance": 1596.8676177869427, "distance_sum": 17565.543795656369, "time_delta_sum": 1345.0, "event_count": 11, "distance_log": 7.3757991678685917, "distance_sum_log": 81.133790846554504, "diocese_lead_speed": 0.088860579960579805 }, "geometry": { "type": "Point", "coordinates": [ -6.5225, 40.596944444443999 ] } },
{ "type": "Feature", "properties": { "diocese_11": "https://g17.dhi-roma.it/resources/institution_188", "diocese_11_label": "Civitatis Castellanae", "event_lead_speed": 0.039624570342364898, "time_delta": 96.0, "distance": 44.937291205389194, "distance_sum": 224.68645602694596, "time_delta_sum": 1029.0, "event_count": 5, "distance_log": 3.8052645743437616, "distance_sum_log": 19.026322871718808, "diocese_lead_speed": 0.039624570342364898 }, "geometry": { "type": "Point", "coordinates": [ 12.41, 42.296111111111003 ] } },
{ "type": "Feature", "properties": { "diocese_11": "https://g17.dhi-roma.it/resources/institution_189", "diocese_11_label": "Civitatis Castelli", "event_lead_speed": 0.049183667343787978, "time_delta": 105.0, "distance": 175.81075034749193, "distance_sum": 4395.268758687298, "time_delta_sum": 3394.0, "event_count": 25, "distance_log": 5.1691965949050509, "distance_sum_log": 129.22991487262627, "diocese_lead_speed": 0.049183667343787978 }, "geometry": { "type": "Point", "coordinates": [ 12.2403118, 43.4574214 ] } },
{ "type": "Feature", "properties": { "diocese_11": "https://g17.dhi-roma.it/resources/institution_190", "diocese_11_label": "Civitatis Ducalis", "event_lead_speed": 0.060225427165481696, "time_delta": 69.5, "distance": 65.994627978741548, "distance_sum": 395.96776787244931, "time_delta_sum": 950.0, "event_count": 6, "distance_log": 4.1895393839773263, "distance_sum_log": 25.137236303863958, "diocese_lead_speed": 0.060225427165481696 }, "geometry": { "type": "Point", "coordinates": [ 12.95, 42.383333333332999 ] } },
{ "type": "Feature", "properties": { "diocese_11": "https://g17.dhi-roma.it/resources/institution_191", "diocese_11_label": "Civitatis Plebis", "event_lead_speed": 0.017290838829894632, "time_delta": 279.0, "distance": 123.82558281543994, "distance_sum": 742.95349689263969, "time_delta_sum": 1407.0, "event_count": 6, "distance_log": 4.8188614130365615, "distance_sum_log": 28.913168478219369, "diocese_lead_speed": 0.017290838829894632 }, "geometry": { "type": "Point", "coordinates": [ 12.007777777777999, 42.953888888888997 ] } },
{ "type": "Feature", "properties": { "diocese_11": "https://g17.dhi-roma.it/resources/institution_197", "diocese_11_label": "Clusinensis", "event_lead_speed": 0.033687820906798019, "time_delta": 145.0, "distance": 132.26217064505224, "distance_sum": 1058.0973651604179, "time_delta_sum": 951.0, "event_count": 8, "distance_log": 4.8847860900006896, "distance_sum_log": 39.078288720005517, "diocese_lead_speed": 0.033687820906798019 }, "geometry": { "type": "Point", "coordinates": [ 11.95, 43.016666666667 ] } },
{ "type": "Feature", "properties": { "diocese_11": "https://g17.dhi-roma.it/resources/institution_199", "diocese_11_label": "Collensis", "event_lead_speed": 0.033728806032187808, "time_delta": 186.5, "distance": 203.08039933526896, "distance_sum": 1624.6431946821517, "time_delta_sum": 2367.0, "event_count": 8, "distance_log": 5.3136018372020075, "distance_sum_log": 42.50881469761606, "diocese_lead_speed": 0.033728806032187808 }, "geometry": { "type": "Point", "coordinates": [ 11.126666666667001, 43.4225 ] } },
{ "type": "Feature", "properties": { "diocese_11": "https://g17.dhi-roma.it/resources/institution_202", "diocese_11_label": "Comensis", "event_lead_speed": 0.073382579636721568, "time_delta": 85.0, "distance": 513.68565807040181, "distance_sum": 11814.770135619243, "time_delta_sum": 5000.0, "event_count": 23, "distance_log": 6.2416111149935123, "distance_sum_log": 143.55705564485078, "diocese_lead_speed": 0.073382579636721568 }, "geometry": { "type": "Point", "coordinates": [ 9.0861388888889, 45.81025 ] } },
{ "type": "Feature", "properties": { "diocese_11": "https://g17.dhi-roma.it/resources/institution_203", "diocese_11_label": "Compostellana", "event_lead_speed": 0.030549716535605446, "time_delta": 244.0, "distance": 1730.4911326922625, "distance_sum": 60567.189644229184, "time_delta_sum": 21206.0, "event_count": 35, "distance_log": 7.4561585593372293, "distance_sum_log": 260.96554957680303, "diocese_lead_speed": 0.030549716535605446 }, "geometry": { "type": "Point", "coordinates": [ -8.533333333333299, 42.883333333332999 ] } },
{ "type": "Feature", "properties": { "diocese_11": "https://g17.dhi-roma.it/resources/institution_204", "diocese_11_label": "Conchensis", "event_lead_speed": 0.049690427985483121, "time_delta": 143.5, "distance": 1237.2884678305404, "distance_sum": 54440.69258454378, "time_delta_sum": 8457.0, "event_count": 44, "distance_log": 7.1206753350806276, "distance_sum_log": 313.3097147435476, "diocese_lead_speed": 0.049690427985483121 }, "geometry": { "type": "Point", "coordinates": [ -2.0, 40.0 ] } },
{ "type": "Feature", "properties": { "diocese_11": "https://g17.dhi-roma.it/resources/institution_205", "diocese_11_label": "Concordiensis", "event_lead_speed": 0.007366495562306793, "time_delta": 822.0, "distance": 426.26717277619821, "distance_sum": 2983.8702094333876, "time_delta_sum": 4109.0, "event_count": 7, "distance_log": 6.0550662039414433, "distance_sum_log": 42.385463427590103, "diocese_lead_speed": 0.007366495562306793 }, "geometry": { "type": "Point", "coordinates": [ 12.8377983, 45.72167975 ] } },
{ "type": "Feature", "properties": { "diocese_11": "https://g17.dhi-roma.it/resources/institution_208", "diocese_11_label": "Consanensis", "event_lead_speed": 0.1171393147592311, "time_delta": 53.0, "distance": 482.16760878583841, "distance_sum": 5303.8436966442223, "time_delta_sum": 2863.0, "event_count": 11, "distance_log": 6.1781188667134108, "distance_sum_log": 67.959307533847522, "diocese_lead_speed": 0.1171393147592311 }, "geometry": { "type": "Point", "coordinates": [ 8.455, 45.021388888889 ] } },
{ "type": "Feature", "properties": { "diocese_11": "https://g17.dhi-roma.it/resources/institution_212", "diocese_11_label": "Conversanensis", "event_lead_speed": 0.14610516119757228, "time_delta": 41.0, "distance": 399.53909054806121, "distance_sum": 1997.6954527403061, "time_delta_sum": 332.0, "event_count": 5, "distance_log": 5.9903116091004636, "distance_sum_log": 29.951558045502317, "diocese_lead_speed": 0.14610516119757228 }, "geometry": { "type": "Point", "coordinates": [ 17.116667, 40.966667 ] } },
{ "type": "Feature", "properties": { "diocese_11": "https://g17.dhi-roma.it/resources/institution_215", "diocese_11_label": "Cordubensis", "event_lead_speed": 0.047962363950513238, "time_delta": 153.0, "distance": 1539.5702746732181, "distance_sum": 16935.273021405399, "time_delta_sum": 2950.0, "event_count": 11, "distance_log": 7.3392536837196305, "distance_sum_log": 80.731790520915936, "diocese_lead_speed": 0.047962363950513238 }, "geometry": { "type": "Point", "coordinates": [ -4.7666666666667, 37.883333333332999 ] } },
{ "type": "Feature", "properties": { "diocese_11": "https://g17.dhi-roma.it/resources/institution_216", "diocese_11_label": "Corisopitensis", "event_lead_speed": 0.020315289140910603, "time_delta": 690.5, "distance": 1469.8599234474082, "distance_sum": 11758.879387579265, "time_delta_sum": 8268.0, "event_count": 8, "distance_log": 7.2929220985095826, "distance_sum_log": 58.343376788076661, "diocese_lead_speed": 0.020315289140910603 }, "geometry": { "type": "Point", "coordinates": [ -4.0977777777778, 47.995833333333003 ] } },
{ "type": "Feature", "properties": { "diocese_11": "https://g17.dhi-roma.it/resources/institution_218", "diocese_11_label": "Cortonensis", "event_lead_speed": 0.077044120194624574, "time_delta": 67.0, "distance": 166.65572417813019, "distance_sum": 999.93434506878111, "time_delta_sum": 670.0, "event_count": 6, "distance_log": 5.1148196004303959, "distance_sum_log": 30.688917602582375, "diocese_lead_speed": 0.077044120194624574 }, "geometry": { "type": "Point", "coordinates": [ 11.988055555556, 43.275555555555997 ] } },
{ "type": "Feature", "properties": { "diocese_11": "https://g17.dhi-roma.it/resources/institution_222", "diocese_11_label": "Cremensis", "event_lead_speed": 0.033167653527238293, "time_delta": 184.0, "distance": 447.17282371891025, "distance_sum": 2235.8641185945512, "time_delta_sum": 1314.0, "event_count": 5, "distance_log": 6.1029451313608041, "distance_sum_log": 30.514725656804021, "diocese_lead_speed": 0.033167653527238293 }, "geometry": { "type": "Point", "coordinates": [ 9.6833333333333, 45.366666666667001 ] } },
{ "type": "Feature", "properties": { "diocese_11": "https://g17.dhi-roma.it/resources/institution_223", "diocese_11_label": "Cremonensis", "event_lead_speed": 0.058441435094628118, "time_delta": 103.0, "distance": 411.8013756589562, "distance_sum": 10706.835767132861, "time_delta_sum": 4936.4, "event_count": 26, "distance_log": 6.0205041416755076, "distance_sum_log": 156.5331076835632, "diocese_lead_speed": 0.058441435094628118 }, "geometry": { "type": "Point", "coordinates": [ 10.024722222222222, 45.133333333333333 ] } },
{ "type": "Feature", "properties": { "diocese_11": "https://g17.dhi-roma.it/resources/institution_224", "diocese_11_label": "Cretensis", "event_lead_speed": 0.056283407193303672, "time_delta": 123.0, "distance": 1014.7529167695296, "distance_sum": 9132.7762509257664, "time_delta_sum": 1900.0, "event_count": 9, "distance_log": 6.9224002195623431, "distance_sum_log": 62.301601976061086, "diocese_lead_speed": 0.056283407193303672 }, "geometry": { "type": "Point", "coordinates": [ 24.676421, 43.599674 ] } },
{ "type": "Feature", "properties": { "diocese_11": "https://g17.dhi-roma.it/resources/institution_23", "diocese_11_label": "Adriensis", "event_lead_speed": 0.053595147455910666, "time_delta": 115.5, "distance": 352.30395229144239, "distance_sum": 2818.4316183315391, "time_delta_sum": 1283.0, "event_count": 8, "distance_log": 5.864494172068289, "distance_sum_log": 46.915953376546312, "diocese_lead_speed": 0.053595147455910666 }, "geometry": { "type": "Point", "coordinates": [ 12.05, 45.05 ] } },
{ "type": "Feature", "properties": { "diocese_11": "https://g17.dhi-roma.it/resources/institution_231", "diocese_11_label": "Cusentina", "event_lead_speed": 0.0079781920974570757, "time_delta": 761.0, "distance": 427.63538683291171, "distance_sum": 5131.6246419949402, "time_delta_sum": 6298.0, "event_count": 12, "distance_log": 6.0581760389431061, "distance_sum_log": 72.698112467317273, "diocese_lead_speed": 0.0079781920974570757 }, "geometry": { "type": "Point", "coordinates": [ 16.25, 39.3 ] } },
{ "type": "Feature", "properties": { "diocese_11": "https://g17.dhi-roma.it/resources/institution_234", "diocese_11_label": "Dertusensis", "event_lead_speed": 0.046453273854998957, "time_delta": 158.0, "distance": 1008.0096311254326, "distance_sum": 18144.173360257788, "time_delta_sum": 9050.0, "event_count": 18, "distance_log": 6.9157327833854332, "distance_sum_log": 124.48319010093779, "diocese_lead_speed": 0.046453273854998957 }, "geometry": { "type": "Point", "coordinates": [ 0.52111111111111, 40.8125 ] } },
{ "type": "Feature", "properties": { "diocese_11": "https://g17.dhi-roma.it/resources/institution_246", "diocese_11_label": "Elnensis", "event_lead_speed": 0.052903633054065632, "time_delta": 127.0, "distance": 788.83624333785224, "distance_sum": 22087.414813459862, "time_delta_sum": 8598.0, "event_count": 28, "distance_log": 6.6705579502218315, "distance_sum_log": 186.77562260621127, "diocese_lead_speed": 0.052903633054065632 }, "geometry": { "type": "Point", "coordinates": [ 2.9711111111111, 42.600277777777997 ] } },
{ "type": "Feature", "properties": { "diocese_11": "https://g17.dhi-roma.it/resources/institution_248", "diocese_11_label": "Elvensis", "event_lead_speed": 0.048137868542352996, "time_delta": 154.5, "distance": 1700.4179193296288, "distance_sum": 10202.507515977773, "time_delta_sum": 810.0, "event_count": 6, "distance_log": 7.4386213493373816, "distance_sum_log": 44.63172809602429, "diocese_lead_speed": 0.048137868542352996 }, "geometry": { "type": "Point", "coordinates": [ -7.1627777777778, 38.88 ] } },
{ "type": "Feature", "properties": { "diocese_11": "https://g17.dhi-roma.it/resources/institution_251", "diocese_11_label": "Eugubina", "event_lead_speed": 0.23116422847661264, "time_delta": 22.0, "distance": 161.72903448574095, "distance_sum": 1779.0193793431504, "time_delta_sum": 313.0, "event_count": 11, "distance_log": 5.0859218309564946, "distance_sum_log": 55.945140140521445, "diocese_lead_speed": 0.23116422847661264 }, "geometry": { "type": "Point", "coordinates": [ 12.5772674, 43.3517882 ] } },
{ "type": "Feature", "properties": { "diocese_11": "https://g17.dhi-roma.it/resources/institution_254", "diocese_11_label": "Faventina", "event_lead_speed": 0.1017885304088393, "time_delta": 55.0, "distance": 270.8738731932487, "distance_sum": 10022.333308150202, "time_delta_sum": 4402.0, "event_count": 37, "distance_log": 5.6015839282259527, "distance_sum_log": 207.25860534436026, "diocese_lead_speed": 0.1017885304088393 }, "geometry": { "type": "Point", "coordinates": [ 11.883333333333001, 44.285555555556002 ] } },
{ "type": "Feature", "properties": { "diocese_11": "https://g17.dhi-roma.it/resources/institution_256", "diocese_11_label": "Feretrana", "event_lead_speed": 0.10262722030126283, "time_delta": 52.0, "distance": 208.00359275110708, "distance_sum": 3952.0682622710347, "time_delta_sum": 1094.0, "event_count": 19, "distance_log": 5.337554862107881, "distance_sum_log": 101.41354238004973, "diocese_lead_speed": 0.10262722030126283 }, "geometry": { "type": "Point", "coordinates": [ 12.333055555555555, 43.764166666666668 ] } },
{ "type": "Feature", "properties": { "diocese_11": "https://g17.dhi-roma.it/resources/institution_258", "diocese_11_label": "Ferrariensis", "event_lead_speed": 0.027920711492830933, "time_delta": 208.0, "distance": 333.99846967571852, "distance_sum": 4341.9801057843406, "time_delta_sum": 1994.0, "event_count": 13, "distance_log": 5.8111351824414816, "distance_sum_log": 75.544757371739266, "diocese_lead_speed": 0.027920711492830933 }, "geometry": { "type": "Point", "coordinates": [ 11.619865, 44.835297 ] } },
{ "type": "Feature", "properties": { "diocese_11": "https://g17.dhi-roma.it/resources/institution_259", "diocese_11_label": "Feruntina", "event_lead_speed": 0.049555687638108095, "time_delta": 85.0, "distance": 67.744010412738518, "distance_sum": 948.41614577833934, "time_delta_sum": 1763.0, "event_count": 14, "distance_log": 4.2157208703772939, "distance_sum_log": 59.02009218528211, "diocese_lead_speed": 0.049555687638108095 }, "geometry": { "type": "Point", "coordinates": [ 13.25, 41.683333333333003 ] } },
{ "type": "Feature", "properties": { "diocese_11": "https://g17.dhi-roma.it/resources/institution_261", "diocese_11_label": "Firmana", "event_lead_speed": 0.15542076260971288, "time_delta": 33.5, "distance": 172.84590147953739, "distance_sum": 6222.4524532633459, "time_delta_sum": 1979.4, "event_count": 36, "distance_log": 5.1523941516085667, "distance_sum_log": 185.48618945790841, "diocese_lead_speed": 0.15542076260971288 }, "geometry": { "type": "Point", "coordinates": [ 13.7181, 43.160419444444003 ] } },
{ "type": "Feature", "properties": { "diocese_11": "https://g17.dhi-roma.it/resources/institution_262", "diocese_11_label": "Florentina", "event_lead_speed": 0.048189617257027868, "time_delta": 113.0, "distance": 233.88998486000509, "distance_sum": 3742.2397577600814, "time_delta_sum": 2506.0, "event_count": 16, "distance_log": 5.4545447804988791, "distance_sum_log": 87.272716487982066, "diocese_lead_speed": 0.048189617257027868 }, "geometry": { "type": "Point", "coordinates": [ 11.254166666667, 43.771388888889 ] } },
{ "type": "Feature", "properties": { "diocese_11": "https://g17.dhi-roma.it/resources/institution_264", "diocese_11_label": "Foroliviensis", "event_lead_speed": 0.10703049049380617, "time_delta": 52.0, "distance": 262.39435669242141, "distance_sum": 2886.3379236166356, "time_delta_sum": 607.0, "event_count": 11, "distance_log": 5.5697398928879913, "distance_sum_log": 61.267138821767901, "diocese_lead_speed": 0.10703049049380617 }, "geometry": { "type": "Point", "coordinates": [ 12.040833333333, 44.2225 ] } },
{ "type": "Feature", "properties": { "diocese_11": "https://g17.dhi-roma.it/resources/institution_266", "diocese_11_label": "Fossanensis", "event_lead_speed": 0.057287384971139159, "time_delta": 108.0, "distance": 486.19978859551941, "distance_sum": 3403.398520168636, "time_delta_sum": 752.0, "event_count": 7, "distance_log": 6.1866194085369726, "distance_sum_log": 43.306335859758811, "diocese_lead_speed": 0.057287384971139159 }, "geometry": { "type": "Point", "coordinates": [ 7.7333333333333, 44.55 ] } },
{ "type": "Feature", "properties": { "diocese_11": "https://g17.dhi-roma.it/resources/institution_269", "diocese_11_label": "Fulginatensis", "event_lead_speed": 0.15788328289763376, "time_delta": 30.5, "distance": 121.6715129936625, "distance_sum": 973.37210394930003, "time_delta_sum": 725.0, "event_count": 8, "distance_log": 4.8007945600253121, "distance_sum_log": 38.406356480202497, "diocese_lead_speed": 0.15788328289763376 }, "geometry": { "type": "Point", "coordinates": [ 12.703333333332999, 42.956111111110999 ] } },
{ "type": "Feature", "properties": { "diocese_11": "https://g17.dhi-roma.it/resources/institution_272", "diocese_11_label": "Gadicensis", "event_lead_speed": 0.066411065107906203, "time_delta": 153.0, "distance": 1726.301592944156, "distance_sum": 10357.809557664936, "time_delta_sum": 1867.0, "event_count": 6, "distance_log": 7.4537310517918307, "distance_sum_log": 44.722386310750984, "diocese_lead_speed": 0.066411065107906203 }, "geometry": { "type": "Point", "coordinates": [ -6.2975, 36.535 ] } },
{ "type": "Feature", "properties": { "diocese_11": "https://g17.dhi-roma.it/resources/institution_276", "diocese_11_label": "Gebennensis", "event_lead_speed": 0.034196099073852043, "time_delta": 198.0, "distance": 697.02812916307414, "distance_sum": 4182.1687749784451, "time_delta_sum": 2523.0, "event_count": 6, "distance_log": 6.5468245973139618, "distance_sum_log": 39.280947583883773, "diocese_lead_speed": 0.034196099073852043 }, "geometry": { "type": "Point", "coordinates": [ 6.15, 46.2 ] } },
{ "type": "Feature", "properties": { "diocese_11": "https://g17.dhi-roma.it/resources/institution_277", "diocese_11_label": "Gerundensis", "event_lead_speed": 0.077764807653095319, "time_delta": 86.0, "distance": 802.9334726517219, "distance_sum": 50584.808777058483, "time_delta_sum": 8417.8, "event_count": 63, "distance_log": 6.6882545423532651, "distance_sum_log": 421.3600361682557, "diocese_lead_speed": 0.077764807653095319 }, "geometry": { "type": "Point", "coordinates": [ 2.8166666666667, 41.983333333333 ] } },
{ "type": "Feature", "properties": { "diocese_11": "https://g17.dhi-roma.it/resources/institution_279", "diocese_11_label": "Giennensis", "event_lead_speed": 0.034608193751960128, "time_delta": 211.0, "distance": 1463.9672416847295, "distance_sum": 17567.606900216753, "time_delta_sum": 2708.0, "event_count": 12, "distance_log": 7.2889052181118048, "distance_sum_log": 87.466862617341661, "diocese_lead_speed": 0.034608193751960128 }, "geometry": { "type": "Point", "coordinates": [ -3.7888888888889, 37.769722222222001 ] } },
{ "type": "Feature", "properties": { "diocese_11": "https://g17.dhi-roma.it/resources/institution_287", "diocese_11_label": "Grossetana", "event_lead_speed": 0.030720613267700422, "time_delta": 163.0, "distance": 150.05858130004131, "distance_sum": 750.29290650020653, "time_delta_sum": 2512.0, "event_count": 5, "distance_log": 5.011024173319969, "distance_sum_log": 25.055120866599843, "diocese_lead_speed": 0.030720613267700422 }, "geometry": { "type": "Point", "coordinates": [ 11.108888888889, 42.772222222221998 ] } },
{ "type": "Feature", "properties": { "diocese_11": "https://g17.dhi-roma.it/resources/institution_29", "diocese_11_label": "Agrigentina", "event_lead_speed": 0.086793174831498121, "time_delta": 72.0, "distance": 517.5032027285439, "distance_sum": 2587.5160136427194, "time_delta_sum": 475.0, "event_count": 5, "distance_log": 6.2490156967118704, "distance_sum_log": 31.24507848355935, "diocese_lead_speed": 0.086793174831498121 }, "geometry": { "type": "Point", "coordinates": [ 13.576547222222, 37.311075 ] } },
{ "type": "Feature", "properties": { "diocese_11": "https://g17.dhi-roma.it/resources/institution_292", "diocese_11_label": "Hieracensis", "event_lead_speed": 0.12736321868649902, "time_delta": 49.0, "distance": 502.40998224035832, "distance_sum": 6531.329769124658, "time_delta_sum": 891.0, "event_count": 13, "distance_log": 6.2192194389243278, "distance_sum_log": 80.849852706016264, "diocese_lead_speed": 0.12736321868649902 }, "geometry": { "type": "Point", "coordinates": [ 16.216666666666999, 38.266666666667 ] } },
{ "type": "Feature", "properties": { "diocese_11": "https://g17.dhi-roma.it/resources/institution_294", "diocese_11_label": "Hipporegiensis", "event_lead_speed": 0.11155352993412784, "time_delta": 56.5, "distance": 543.72720894979307, "distance_sum": 4349.8176715983445, "time_delta_sum": 1363.0, "event_count": 8, "distance_log": 6.2984476201861153, "distance_sum_log": 50.387580961488922, "diocese_lead_speed": 0.11155352993412784 }, "geometry": { "type": "Point", "coordinates": [ 7.874797, 45.467379 ] } },
{ "type": "Feature", "properties": { "diocese_11": "https://g17.dhi-roma.it/resources/institution_297", "diocese_11_label": "Hydruntina", "event_lead_speed": 0.11833439039494437, "time_delta": 53.0, "distance": 534.74658560078899, "distance_sum": 11764.424883217358, "time_delta_sum": 4844.0, "event_count": 22, "distance_log": 6.2816349194548229, "distance_sum_log": 138.19596822800611, "diocese_lead_speed": 0.11833439039494437 }, "geometry": { "type": "Point", "coordinates": [ 18.485933, 40.147825 ] } },
{ "type": "Feature", "properties": { "diocese_11": "https://g17.dhi-roma.it/resources/institution_298", "diocese_11_label": "Illerdensis", "event_lead_speed": 0.051058026004648774, "time_delta": 135.0, "distance": 986.68598572107021, "distance_sum": 44400.869357448159, "time_delta_sum": 11568.0, "event_count": 45, "distance_log": 6.8943439685641064, "distance_sum_log": 310.24547858538477, "diocese_lead_speed": 0.051058026004648774 }, "geometry": { "type": "Point", "coordinates": [ 0.63333333333333, 41.616666666667001 ] } },
{ "type": "Feature", "properties": { "diocese_11": "https://g17.dhi-roma.it/resources/institution_304", "diocese_11_label": "Iserniensis", "event_lead_speed": 0.015577432046612801, "time_delta": 321.0, "distance": 148.58421005671755, "distance_sum": 1485.8421005671755, "time_delta_sum": 4076.0, "event_count": 10, "distance_log": 5.0011490303372792, "distance_sum_log": 50.011490303372788, "diocese_lead_speed": 0.015577432046612801 }, "geometry": { "type": "Point", "coordinates": [ 14.239722222222222, 41.602777777777774 ] } },
{ "type": "Feature", "properties": { "diocese_11": "https://g17.dhi-roma.it/resources/institution_305", "diocese_11_label": "Ispalensis", "event_lead_speed": 0.047088102042333532, "time_delta": 157.5, "distance": 1660.5296370870522, "distance_sum": 96310.718951049028, "time_delta_sum": 13452.4, "event_count": 58, "distance_log": 7.414888219207084, "distance_sum_log": 430.06351671401086, "diocese_lead_speed": 0.047088102042333532 }, "geometry": { "type": "Point", "coordinates": [ -5.9833333333333, 37.383333333332999 ] } },
{ "type": "Feature", "properties": { "diocese_11": "https://g17.dhi-roma.it/resources/institution_306", "diocese_11_label": "Jacensis", "event_lead_speed": 0.10911562251024344, "time_delta": 64.0, "distance": 1080.1531114168351, "distance_sum": 9721.3780027515168, "time_delta_sum": 1448.0, "event_count": 9, "distance_log": 6.9848416749671234, "distance_sum_log": 62.863575074704109, "diocese_lead_speed": 0.10911562251024344 }, "geometry": { "type": "Point", "coordinates": [ -0.54931666666667, 42.570491666667003 ] } },
{ "type": "Feature", "properties": { "diocese_11": "https://g17.dhi-roma.it/resources/institution_307", "diocese_11_label": "Jadrensis", "event_lead_speed": 0.079942148365561294, "time_delta": 73.0, "distance": 332.81908552475056, "distance_sum": 2662.5526841980045, "time_delta_sum": 863.0, "event_count": 8, "distance_log": 5.807597760651829, "distance_sum_log": 46.460782085214632, "diocese_lead_speed": 0.079942148365561294 }, "geometry": { "type": "Point", "coordinates": [ 15.2355, 44.117 ] } },
{ "type": "Feature", "properties": { "diocese_11": "https://g17.dhi-roma.it/resources/institution_308", "diocese_11_label": "Januensis", "event_lead_speed": 0.067296225418080072, "time_delta": 89.0, "distance": 402.57517992916655, "distance_sum": 9661.8043182999972, "time_delta_sum": 2773.0, "event_count": 24, "distance_log": 5.9978284852509374, "distance_sum_log": 143.94788364602249, "diocese_lead_speed": 0.067296225418080072 }, "geometry": { "type": "Point", "coordinates": [ 8.9339833333333, 44.407186111111002 ] } },
{ "type": "Feature", "properties": { "diocese_11": "https://g17.dhi-roma.it/resources/institution_309", "diocese_11_label": "Justinopolitana", "event_lead_speed": 0.035288273051803189, "time_delta": 171.0, "distance": 417.50423663089998, "distance_sum": 3757.5381296780997, "time_delta_sum": 1526.0, "event_count": 9, "distance_log": 6.0342946918583458, "distance_sum_log": 54.308652226725115, "diocese_lead_speed": 0.035288273051803189 }, "geometry": { "type": "Point", "coordinates": [ 13.7306571, 45.547542728 ] } },
{ "type": "Feature", "properties": { "diocese_11": "https://g17.dhi-roma.it/resources/institution_310", "diocese_11_label": "Juvenacensis", "event_lead_speed": 0.13992539873127566, "time_delta": 42.0, "distance": 357.42252414896456, "distance_sum": 4646.4928139365393, "time_delta_sum": 2910.0, "event_count": 13, "distance_log": 5.8789173093157299, "distance_sum_log": 76.42592502110449, "diocese_lead_speed": 0.13992539873127566 }, "geometry": { "type": "Point", "coordinates": [ 16.666666666666998, 41.183333333333003 ] } },
{ "type": "Feature", "properties": { "diocese_11": "https://g17.dhi-roma.it/resources/institution_313", "diocese_11_label": "Lamacensis", "event_lead_speed": 0.083538305864086199, "time_delta": 89.0, "distance": 1693.9618945160259, "distance_sum": 15245.657050644233, "time_delta_sum": 808.0, "event_count": 9, "distance_log": 7.4348253524456469, "distance_sum_log": 66.913428172010825, "diocese_lead_speed": 0.083538305864086199 }, "geometry": { "type": "Point", "coordinates": [ -7.81, 41.098330555555556 ] } },
{ "type": "Feature", "properties": { "diocese_11": "https://g17.dhi-roma.it/resources/institution_318", "diocese_11_label": "Laudensis", "event_lead_speed": 0.062984767710493272, "time_delta": 97.0, "distance": 450.32114935483645, "distance_sum": 5403.8537922580372, "time_delta_sum": 1639.0, "event_count": 12, "distance_log": 6.1099609614164301, "distance_sum_log": 73.319531536997161, "diocese_lead_speed": 0.062984767710493272 }, "geometry": { "type": "Point", "coordinates": [ 9.5, 45.316666666666997 ] } },
{ "type": "Feature", "properties": { "diocese_11": "https://g17.dhi-roma.it/resources/institution_324", "diocese_11_label": "Legionensis", "event_lead_speed": 0.057982457451026162, "time_delta": 126.0, "distance": 1489.9680655768548, "distance_sum": 43209.073901728785, "time_delta_sum": 6909.0, "event_count": 29, "distance_log": 7.3065067681799292, "distance_sum_log": 211.88869627721795, "diocese_lead_speed": 0.057982457451026162 }, "geometry": { "type": "Point", "coordinates": [ -5.5669444444444, 42.598888888889 ] } },
{ "type": "Feature", "properties": { "diocese_11": "https://g17.dhi-roma.it/resources/institution_328", "diocese_11_label": "Leodiensis", "event_lead_speed": 0.087625409391011724, "time_delta": 80.0, "distance": 1108.9847170461933, "distance_sum": 56558.220569355857, "time_delta_sum": 11665.8, "event_count": 51, "distance_log": 7.0111909091098665, "distance_sum_log": 357.57073636460319, "diocese_lead_speed": 0.087625409391011724 }, "geometry": { "type": "Point", "coordinates": [ 5.570555555555556, 50.639722222222225 ] } },
{ "type": "Feature", "properties": { "diocese_11": "https://g17.dhi-roma.it/resources/institution_333", "diocese_11_label": "Liciensis", "event_lead_speed": 0.077833045179122651, "time_delta": 80.0, "distance": 501.99797177865224, "distance_sum": 6525.9736331224794, "time_delta_sum": 3369.0, "event_count": 13, "distance_log": 6.2184393400110576, "distance_sum_log": 80.839711420143743, "diocese_lead_speed": 0.077833045179122651 }, "geometry": { "type": "Point", "coordinates": [ 18.169138888889002, 40.352011111110997 ] } },
{ "type": "Feature", "properties": { "diocese_11": "https://g17.dhi-roma.it/resources/institution_344", "diocese_11_label": "Lucana", "event_lead_speed": 0.11505785365498628, "time_delta": 49.0, "distance": 271.41373632550113, "distance_sum": 10313.721980369044, "time_delta_sum": 4830.0, "event_count": 38, "distance_log": 5.6035165762687908, "distance_sum_log": 212.93362989821404, "diocese_lead_speed": 0.11505785365498628 }, "geometry": { "type": "Point", "coordinates": [ 10.516666666667, 43.85 ] } },
{ "type": "Feature", "properties": { "diocese_11": "https://g17.dhi-roma.it/resources/institution_345", "diocese_11_label": "Lucensis", "event_lead_speed": 0.045594297083980474, "time_delta": 162.5, "distance": 1651.7777042181958, "distance_sum": 19821.332450618349, "time_delta_sum": 2297.0, "event_count": 12, "distance_log": 7.4096019055035462, "distance_sum_log": 88.915222866042555, "diocese_lead_speed": 0.045594297083980474 }, "geometry": { "type": "Point", "coordinates": [ -7.5572222222222, 43.011666666666997 ] } },
{ "type": "Feature", "properties": { "diocese_11": "https://g17.dhi-roma.it/resources/institution_35", "diocese_11_label": "Albinganensis", "event_lead_speed": 0.11197247463068119, "time_delta": 54.0, "distance": 427.89975436117487, "distance_sum": 5562.6968066952732, "time_delta_sum": 1779.0, "event_count": 13, "distance_log": 6.0586760003407951, "distance_sum_log": 78.762788004430334, "diocese_lead_speed": 0.11197247463068119 }, "geometry": { "type": "Point", "coordinates": [ 8.2130166666667, 44.049113888889003 ] } },
{ "type": "Feature", "properties": { "diocese_11": "https://g17.dhi-roma.it/resources/institution_350", "diocese_11_label": "Lunensarzanen", "event_lead_speed": 0.069922781062515996, "time_delta": 83.0, "distance": 322.52401175285769, "distance_sum": 16771.2486111486, "time_delta_sum": 7690.0, "event_count": 52, "distance_log": 5.7760768141159247, "distance_sum_log": 300.35599433402808, "diocese_lead_speed": 0.069922781062515996 }, "geometry": { "type": "Point", "coordinates": [ 9.959958333333301, 44.113608333332998 ] } },
{ "type": "Feature", "properties": { "diocese_11": "https://g17.dhi-roma.it/resources/institution_351", "diocese_11_label": "Maceratensis", "event_lead_speed": 0.043893934422706254, "time_delta": 168.0, "distance": 174.92842692519645, "distance_sum": 1399.4274154015716, "time_delta_sum": 2091.0, "event_count": 8, "distance_log": 5.1643725804523131, "distance_sum_log": 41.314980643618505, "diocese_lead_speed": 0.043893934422706254 }, "geometry": { "type": "Point", "coordinates": [ 13.453333333333333, 43.300277777777779 ] } },
{ "type": "Feature", "properties": { "diocese_11": "https://g17.dhi-roma.it/resources/institution_352", "diocese_11_label": "Macleviensis", "event_lead_speed": 0.10610472883595012, "time_delta": 68.0, "distance": 1359.5499014757952, "distance_sum": 6797.749507378976, "time_delta_sum": 565.0, "event_count": 5, "distance_log": 7.2149089352492322, "distance_sum_log": 36.074544676246163, "diocese_lead_speed": 0.10610472883595012 }, "geometry": { "type": "Point", "coordinates": [ -2.0088888888889, 48.647222222221998 ] } },
{ "type": "Feature", "properties": { "diocese_11": "https://g17.dhi-roma.it/resources/institution_354", "diocese_11_label": "Maioricensis", "event_lead_speed": 0.05611706235416565, "time_delta": 120.0, "distance": 841.31763587539399, "distance_sum": 15143.717445757093, "time_delta_sum": 5425.0, "event_count": 18, "distance_log": 6.7349689373738837, "distance_sum_log": 121.22944087272991, "diocese_lead_speed": 0.05611706235416565 }, "geometry": { "type": "Point", "coordinates": [ 2.9833333333333, 39.616666666667001 ] } },
{ "type": "Feature", "properties": { "diocese_11": "https://g17.dhi-roma.it/resources/institution_355", "diocese_11_label": "Mantuana", "event_lead_speed": 0.087812911617312889, "time_delta": 68.0, "distance": 387.47255517621551, "distance_sum": 4649.6706621145859, "time_delta_sum": 1107.0, "event_count": 12, "distance_log": 5.9596450208537419, "distance_sum_log": 71.515740250244903, "diocese_lead_speed": 0.087812911617312889 }, "geometry": { "type": "Point", "coordinates": [ 10.791111111111, 45.156388888888998 ] } },
{ "type": "Feature", "properties": { "diocese_11": "https://g17.dhi-roma.it/resources/institution_356", "diocese_11_label": "Marianensis", "event_lead_speed": 0.04793059630437066, "time_delta": 125.0, "distance": 399.79041927514794, "distance_sum": 2398.7425156508875, "time_delta_sum": 831.0, "event_count": 6, "distance_log": 5.9909404548003629, "distance_sum_log": 35.945642728802177, "diocese_lead_speed": 0.04793059630437066 }, "geometry": { "type": "Point", "coordinates": [ 10.48789405, 45.18583845 ] } },
{ "type": "Feature", "properties": { "diocese_11": "https://g17.dhi-roma.it/resources/institution_357", "diocese_11_label": "Marsicana", "event_lead_speed": 0.05003041885834366, "time_delta": 90.5, "distance": 79.064355243271336, "distance_sum": 790.64355243271336, "time_delta_sum": 1129.0, "event_count": 10, "distance_log": 4.3685782812472764, "distance_sum_log": 43.685782812472766, "diocese_lead_speed": 0.05003041885834366 }, "geometry": { "type": "Point", "coordinates": [ 13.438055555556, 42.047027777777998 ] } },
{ "type": "Feature", "properties": { "diocese_11": "https://g17.dhi-roma.it/resources/institution_363", "diocese_11_label": "Materanensis", "event_lead_speed": 0.017196698068588812, "time_delta": 344.0, "distance": 370.613109749589, "distance_sum": 6300.4228657430131, "time_delta_sum": 4720.0, "event_count": 17, "distance_log": 5.9151580904629739, "distance_sum_log": 100.55768753787056, "diocese_lead_speed": 0.017196698068588812 }, "geometry": { "type": "Point", "coordinates": [ 16.6, 40.666666666666998 ] } },
{ "type": "Feature", "properties": { "diocese_11": "https://g17.dhi-roma.it/resources/institution_366", "diocese_11_label": "Mazariensis", "event_lead_speed": 0.072063430575464688, "time_delta": 87.5, "distance": 471.12636510500158, "distance_sum": 3769.0109208400127, "time_delta_sum": 1319.0, "event_count": 8, "distance_log": 6.1551262559641993, "distance_sum_log": 49.241010047713594, "diocese_lead_speed": 0.072063430575464688 }, "geometry": { "type": "Point", "coordinates": [ 12.587509833333, 37.651660833332997 ] } },
{ "type": "Feature", "properties": { "diocese_11": "https://g17.dhi-roma.it/resources/institution_367", "diocese_11_label": "Mechliniensis-Bruxellensis", "event_lead_speed": 0.075716271477347774, "time_delta": 94.0, "distance": 1187.7873014054701, "distance_sum": 9502.2984112437607, "time_delta_sum": 793.0, "event_count": 8, "distance_log": 7.0798346841158217, "distance_sum_log": 56.638677472926574, "diocese_lead_speed": 0.075716271477347774 }, "geometry": { "type": "Point", "coordinates": [ 4.480277777777777, 51.028055555555554 ] } },
{ "type": "Feature", "properties": { "diocese_11": "https://g17.dhi-roma.it/resources/institution_369", "diocese_11_label": "Mediolanensis", "event_lead_speed": 0.053178617545041849, "time_delta": 116.0, "distance": 477.58037033045099, "distance_sum": 14804.99148024398, "time_delta_sum": 4480.0, "event_count": 31, "distance_log": 6.1687320776298682, "distance_sum_log": 191.23069440652591, "diocese_lead_speed": 0.053178617545041849 }, "geometry": { "type": "Point", "coordinates": [ 9.19, 45.466944444444003 ] } },
{ "type": "Feature", "properties": { "diocese_11": "https://g17.dhi-roma.it/resources/institution_37", "diocese_11_label": "Aleriensis", "event_lead_speed": 0.081326207181062524, "time_delta": 72.5, "distance": 247.54676284142866, "distance_sum": 1980.3741027314293, "time_delta_sum": 625.0, "event_count": 8, "distance_log": 5.5115872959979404, "distance_sum_log": 44.092698367983523, "diocese_lead_speed": 0.081326207181062524 }, "geometry": { "type": "Point", "coordinates": [ 9.513055555555599, 42.114166666667003 ] } },
{ "type": "Feature", "properties": { "diocese_11": "https://g17.dhi-roma.it/resources/institution_372", "diocese_11_label": "Melphiensis", "event_lead_speed": 0.10850863315817114, "time_delta": 52.0, "distance": 282.2957520652289, "distance_sum": 4234.4362809784334, "time_delta_sum": 851.0, "event_count": 15, "distance_log": 5.6429544562073293, "distance_sum_log": 84.644316843109934, "diocese_lead_speed": 0.10850863315817114 }, "geometry": { "type": "Point", "coordinates": [ 15.655833333333, 40.996388888889001 ] } },
{ "type": "Feature", "properties": { "diocese_11": "https://g17.dhi-roma.it/resources/institution_373", "diocese_11_label": "Melphitensis", "event_lead_speed": 0.11269724643534144, "time_delta": 52.0, "distance": 349.20064908975917, "distance_sum": 10476.019472692775, "time_delta_sum": 1519.0, "event_count": 30, "distance_log": 5.8554959348172115, "distance_sum_log": 175.66487804451634, "diocese_lead_speed": 0.11269724643534144 }, "geometry": { "type": "Point", "coordinates": [ 16.6, 41.2 ] } },
{ "type": "Feature", "properties": { "diocese_11": "https://g17.dhi-roma.it/resources/institution_375", "diocese_11_label": "Messanensis", "event_lead_speed": 0.026907182896420107, "time_delta": 230.0, "distance": 486.77143246081255, "distance_sum": 29206.285947648754, "time_delta_sum": 14661.2, "event_count": 60, "distance_log": 6.1877818042375363, "distance_sum_log": 371.2669082542522, "diocese_lead_speed": 0.026907182896420107 }, "geometry": { "type": "Point", "coordinates": [ 15.554166666666667, 38.19361111111111 ] } },
{ "type": "Feature", "properties": { "diocese_11": "https://g17.dhi-roma.it/resources/institution_379", "diocese_11_label": "Miletensis", "event_lead_speed": 0.061965326454649444, "time_delta": 99.5, "distance": 475.3147706369794, "distance_sum": 2851.8886238218765, "time_delta_sum": 722.0, "event_count": 6, "distance_log": 6.1639771860136783, "distance_sum_log": 36.98386311608207, "diocese_lead_speed": 0.061965326454649444 }, "geometry": { "type": "Point", "coordinates": [ 16.06751, 38.6078 ] } },
{ "type": "Feature", "properties": { "diocese_11": "https://g17.dhi-roma.it/resources/institution_389", "diocese_11_label": "Monopolitana", "event_lead_speed": 0.031740920927846174, "time_delta": 190.0, "distance": 415.80357292941369, "distance_sum": 2079.0178646470686, "time_delta_sum": 855.0, "event_count": 5, "distance_log": 6.0302123355177546, "distance_sum_log": 30.151061677588775, "diocese_lead_speed": 0.031740920927846174 }, "geometry": { "type": "Point", "coordinates": [ 17.3, 40.95 ] } },
{ "type": "Feature", "properties": { "diocese_11": "https://g17.dhi-roma.it/resources/institution_392", "diocese_11_label": "Montis Alti/Montisalti", "event_lead_speed": 0.068779344234392678, "time_delta": 73.0, "distance": 152.14601906021309, "distance_sum": 1369.3141715419179, "time_delta_sum": 1406.0, "event_count": 9, "distance_log": 5.0248302145122095, "distance_sum_log": 45.223471930609882, "diocese_lead_speed": 0.068779344234392678 }, "geometry": { "type": "Point", "coordinates": [ 13.606852777778, 42.987252777777996 ] } },
{ "type": "Feature", "properties": { "diocese_11": "https://g17.dhi-roma.it/resources/institution_393", "diocese_11_label": "Montis Falisci/Montis Flaconensis", "event_lead_speed": 0.074318356560476528, "time_delta": 59.0, "distance": 81.719707476493426, "distance_sum": 1062.3561971944146, "time_delta_sum": 2277.0, "event_count": 13, "distance_log": 4.4016407781232125, "distance_sum_log": 57.221330115601766, "diocese_lead_speed": 0.074318356560476528 }, "geometry": { "type": "Point", "coordinates": [ 12.033333333332999, 42.533333333332997 ] } },
{ "type": "Feature", "properties": { "diocese_11": "https://g17.dhi-roma.it/resources/institution_400", "diocese_11_label": "Muranensis", "event_lead_speed": 0.075199453555651344, "time_delta": 75.0, "distance": 281.34385284782411, "distance_sum": 2532.094675630417, "time_delta_sum": 636.0, "event_count": 9, "distance_log": 5.6395770136828878, "distance_sum_log": 50.756193123145991, "diocese_lead_speed": 0.075199453555651344 }, "geometry": { "type": "Point", "coordinates": [ 15.483333333333, 40.75 ] } },
{ "type": "Feature", "properties": { "diocese_11": "https://g17.dhi-roma.it/resources/institution_401", "diocese_11_label": "Mutinensis", "event_lead_speed": 0.08532098310650077, "time_delta": 68.0, "distance": 333.36076979814811, "distance_sum": 7000.5761657611101, "time_delta_sum": 3315.0, "event_count": 21, "distance_log": 5.8090686840151831, "distance_sum_log": 121.99044236431884, "diocese_lead_speed": 0.08532098310650077 }, "geometry": { "type": "Point", "coordinates": [ 10.92572, 44.64582 ] } },
{ "type": "Feature", "properties": { "diocese_11": "https://g17.dhi-roma.it/resources/institution_403", "diocese_11_label": "Nannetensis", "event_lead_speed": 0.053679996535789254, "time_delta": 133.0, "distance": 1259.8648538805494, "distance_sum": 28976.891639252633, "time_delta_sum": 6571.0, "event_count": 23, "distance_log": 7.1387591276850744, "distance_sum_log": 164.1914599367567, "diocese_lead_speed": 0.053679996535789254 }, "geometry": { "type": "Point", "coordinates": [ -1.5538888888889, 47.217222222221999 ] } },
{ "type": "Feature", "properties": { "diocese_11": "https://g17.dhi-roma.it/resources/institution_405", "diocese_11_label": "Narniensis", "event_lead_speed": 0.063076264048099531, "time_delta": 67.0, "distance": 71.131266407622164, "distance_sum": 1209.2315289295768, "time_delta_sum": 2623.0, "event_count": 17, "distance_log": 4.2624419345841709, "distance_sum_log": 72.461512887930908, "diocese_lead_speed": 0.063076264048099531 }, "geometry": { "type": "Point", "coordinates": [ 12.516666666667, 42.516666666667 ] } },
{ "type": "Feature", "properties": { "diocese_11": "https://g17.dhi-roma.it/resources/institution_409", "diocese_11_label": "Neapolitana", "event_lead_speed": 0.014585955050105754, "time_delta": 359.0, "distance": 188.27615091865917, "distance_sum": 1882.7615091865916, "time_delta_sum": 6065.0, "event_count": 10, "distance_log": 5.2379079703454519, "distance_sum_log": 52.379079703454515, "diocese_lead_speed": 0.014585955050105754 }, "geometry": { "type": "Point", "coordinates": [ 14.248611111111112, 40.835833333333333 ] } },
{ "type": "Feature", "properties": { "diocese_11": "https://g17.dhi-roma.it/resources/institution_412", "diocese_11_label": "Neocastrensis", "event_lead_speed": 0.029173260125860728, "time_delta": 210.0, "distance": 455.04900104202852, "distance_sum": 3185.3430072941997, "time_delta_sum": 2628.0, "event_count": 7, "distance_log": 6.1202775833331353, "distance_sum_log": 42.841943083331948, "diocese_lead_speed": 0.029173260125860728 }, "geometry": { "type": "Point", "coordinates": [ 16.316666666667, 38.983333333333 ] } },
{ "type": "Feature", "properties": { "diocese_11": "https://g17.dhi-roma.it/resources/institution_414", "diocese_11_label": "Neritonensis", "event_lead_speed": 0.11740366973408219, "time_delta": 53.0, "distance": 503.42679557396315, "distance_sum": 5537.6947513135947, "time_delta_sum": 3583.0, "event_count": 11, "distance_log": 6.2214377613045002, "distance_sum_log": 68.435815374349502, "diocese_lead_speed": 0.11740366973408219 }, "geometry": { "type": "Point", "coordinates": [ 18.033333333333001, 40.179722222221997 ] } },
{ "type": "Feature", "properties": { "diocese_11": "https://g17.dhi-roma.it/resources/institution_419", "diocese_11_label": "Nolana", "event_lead_speed": 0.075807252052835866, "time_delta": 70.0, "distance": 201.48725147026383, "distance_sum": 3223.7960235242213, "time_delta_sum": 4332.0, "event_count": 16, "distance_log": 5.3057238411672207, "distance_sum_log": 84.891581458675532, "diocese_lead_speed": 0.075807252052835866 }, "geometry": { "type": "Point", "coordinates": [ 14.533333333332999, 40.933333333333003 ] } },
{ "type": "Feature", "properties": { "diocese_11": "https://g17.dhi-roma.it/resources/institution_42", "diocese_11_label": "Alifana", "event_lead_speed": 0.00622113501188942, "time_delta": 822.0, "distance": 162.60670308682595, "distance_sum": 2926.9206555628671, "time_delta_sum": 11166.0, "event_count": 18, "distance_log": 5.090064291497904, "distance_sum_log": 91.621157246962269, "diocese_lead_speed": 0.00622113501188942 }, "geometry": { "type": "Point", "coordinates": [ 14.333333333333, 41.333333333333002 ] } },
{ "type": "Feature", "properties": { "diocese_11": "https://g17.dhi-roma.it/resources/institution_421", "diocese_11_label": "Novariensis", "event_lead_speed": 0.046079679219145887, "time_delta": 135.0, "distance": 504.0999098237582, "distance_sum": 12602.497745593955, "time_delta_sum": 4586.0, "event_count": 25, "distance_log": 6.2227459965119749, "distance_sum_log": 155.56864991279937, "diocese_lead_speed": 0.046079679219145887 }, "geometry": { "type": "Point", "coordinates": [ 8.62, 45.45 ] } },
{ "type": "Feature", "properties": { "diocese_11": "https://g17.dhi-roma.it/resources/institution_423", "diocese_11_label": "Nucerina", "event_lead_speed": 0.066155084911987974, "time_delta": 74.5, "distance": 138.49751970608176, "distance_sum": 2492.9553547094715, "time_delta_sum": 2302.0, "event_count": 18, "distance_log": 4.9307542858469402, "distance_sum_log": 88.753577145244918, "diocese_lead_speed": 0.066155084911987974 }, "geometry": { "type": "Point", "coordinates": [ 12.783333333332999, 43.116666666667001 ] } },
{ "type": "Feature", "properties": { "diocese_11": "https://g17.dhi-roma.it/resources/institution_431", "diocese_11_label": "Oscensis", "event_lead_speed": 0.049920351664173052, "time_delta": 140.5, "distance": 1052.9479294762934, "distance_sum": 12635.375153715522, "time_delta_sum": 5442.0, "event_count": 12, "distance_log": 6.959336427534268, "distance_sum_log": 83.512037130411215, "diocese_lead_speed": 0.049920351664173052 }, "geometry": { "type": "Point", "coordinates": [ -0.1825408, 41.8425319 ] } },
{ "type": "Feature", "properties": { "diocese_11": "https://g17.dhi-roma.it/resources/institution_434", "diocese_11_label": "Ostunensis", "event_lead_speed": 0.13447017644230108, "time_delta": 45.0, "distance": 442.44519708861105, "distance_sum": 3097.1163796202773, "time_delta_sum": 3490.4, "event_count": 7, "distance_log": 6.0921775890681849, "distance_sum_log": 42.645243123477293, "diocese_lead_speed": 0.13447017644230108 }, "geometry": { "type": "Point", "coordinates": [ 17.577777777778, 40.732222222221999 ] } },
{ "type": "Feature", "properties": { "diocese_11": "https://g17.dhi-roma.it/resources/institution_435", "diocese_11_label": "Ovetensis", "event_lead_speed": 0.043834154627830947, "time_delta": 168.0, "distance": 1510.0091893044291, "distance_sum": 33220.202164697439, "time_delta_sum": 5598.0, "event_count": 22, "distance_log": 7.3198709494539065, "distance_sum_log": 161.03716088798595, "diocese_lead_speed": 0.043834154627830947 }, "geometry": { "type": "Point", "coordinates": [ -5.8502777777778, 43.3625 ] } },
{ "type": "Feature", "properties": { "diocese_11": "https://g17.dhi-roma.it/resources/institution_436", "diocese_11_label": "Oxonensis", "event_lead_speed": 0.063964365133687626, "time_delta": 112.0, "distance": 1293.2336559158823, "distance_sum": 34917.308709728823, "time_delta_sum": 4738.0, "event_count": 27, "distance_log": 7.1648970770751523, "distance_sum_log": 193.45222108102911, "diocese_lead_speed": 0.063964365133687626 }, "geometry": { "type": "Point", "coordinates": [ -3.06522, 41.58619 ] } },
{ "type": "Feature", "properties": { "diocese_11": "https://g17.dhi-roma.it/resources/institution_437", "diocese_11_label": "Pacensis", "event_lead_speed": 0.029710569438180394, "time_delta": 250.0, "distance": 1684.8491557451234, "distance_sum": 11793.944090215864, "time_delta_sum": 1656.0, "event_count": 7, "distance_log": 7.4294244624861365, "distance_sum_log": 52.005971237402953, "diocese_lead_speed": 0.029710569438180394 }, "geometry": { "type": "Point", "coordinates": [ -6.9752777777778, 38.880277777777998 ] } },
{ "type": "Feature", "properties": { "diocese_11": "https://g17.dhi-roma.it/resources/institution_44", "diocese_11_label": "Amalphitana", "event_lead_speed": 0.0065909719530187899, "time_delta": 822.0, "distance": 225.47027546965805, "distance_sum": 1803.7622037572644, "time_delta_sum": 5853.0, "event_count": 8, "distance_log": 5.418187748756039, "distance_sum_log": 43.345501990048312, "diocese_lead_speed": 0.0065909719530187899 }, "geometry": { "type": "Point", "coordinates": [ 14.602777777778, 40.633333333332999 ] } },
{ "type": "Feature", "properties": { "diocese_11": "https://g17.dhi-roma.it/resources/institution_440", "diocese_11_label": "Palentina", "event_lead_speed": 0.042882474228710686, "time_delta": 169.0, "distance": 1404.9256267805179, "distance_sum": 18264.033148146733, "time_delta_sum": 2738.0, "event_count": 13, "distance_log": 7.2477393741290266, "distance_sum_log": 94.220611863677348, "diocese_lead_speed": 0.042882474228710686 }, "geometry": { "type": "Point", "coordinates": [ -4.5206472222222, 42.432127777778 ] } },
{ "type": "Feature", "properties": { "diocese_11": "https://g17.dhi-roma.it/resources/institution_441", "diocese_11_label": "Pampilonensis", "event_lead_speed": 0.079799562360694132, "time_delta": 88.5, "distance": 1172.6005578447264, "distance_sum": 51594.42454516796, "time_delta_sum": 9825.0, "event_count": 44, "distance_log": 7.0669538030787349, "distance_sum_log": 310.94596733546433, "diocese_lead_speed": 0.079799562360694132 }, "geometry": { "type": "Point", "coordinates": [ -1.65, 42.816666666666997 ] } },
{ "type": "Feature", "properties": { "diocese_11": "https://g17.dhi-roma.it/resources/institution_443", "diocese_11_label": "Papiensis", "event_lead_speed": 0.030290715154778818, "time_delta": 202.0, "distance": 456.93452150002031, "distance_sum": 9138.6904300004062, "time_delta_sum": 6240.0, "event_count": 20, "distance_log": 6.1244253010435719, "distance_sum_log": 122.48850602087144, "diocese_lead_speed": 0.030290715154778818 }, "geometry": { "type": "Point", "coordinates": [ 9.155, 45.185280555555998 ] } },
{ "type": "Feature", "properties": { "diocese_11": "https://g17.dhi-roma.it/resources/institution_446", "diocese_11_label": "Parmensis", "event_lead_speed": 0.10097569457323412, "time_delta": 58.5, "distance": 368.17078962781613, "distance_sum": 27244.638432458392, "time_delta_sum": 8933.0, "event_count": 74, "distance_log": 5.9084834573208678, "distance_sum_log": 437.22777584174423, "diocese_lead_speed": 0.10097569457323412 }, "geometry": { "type": "Point", "coordinates": [ 10.328, 44.801472222222003 ] } },
{ "type": "Feature", "properties": { "diocese_11": "https://g17.dhi-roma.it/resources/institution_450", "diocese_11_label": "Pennensis", "event_lead_speed": 0.067989765016938805, "time_delta": 72.0, "distance": 132.28215295333271, "distance_sum": 4894.4396592733101, "time_delta_sum": 5828.0, "event_count": 37, "distance_log": 4.8848604279068946, "distance_sum_log": 180.73983583255509, "diocese_lead_speed": 0.067989765016938805 }, "geometry": { "type": "Point", "coordinates": [ 13.916666666667, 42.45 ] } },
{ "type": "Feature", "properties": { "diocese_11": "https://g17.dhi-roma.it/resources/institution_451", "diocese_11_label": "Perusina", "event_lead_speed": 0.075491163074653783, "time_delta": 65.0, "distance": 136.24050183057054, "distance_sum": 2043.607527458558, "time_delta_sum": 1460.0, "event_count": 15, "distance_log": 4.9141528930927922, "distance_sum_log": 73.712293396391885, "diocese_lead_speed": 0.075491163074653783 }, "geometry": { "type": "Point", "coordinates": [ 12.3888, 43.1121 ] } },
{ "type": "Feature", "properties": { "diocese_11": "https://g17.dhi-roma.it/resources/institution_456", "diocese_11_label": "Pientina", "event_lead_speed": 0.047559986497945198, "time_delta": 105.0, "distance": 147.43218259415247, "distance_sum": 1032.0252781590673, "time_delta_sum": 525.0, "event_count": 7, "distance_log": 4.9933681675277315, "distance_sum_log": 34.953577172694118, "diocese_lead_speed": 0.047559986497945198 }, "geometry": { "type": "Point", "coordinates": [ 11.678889, 43.078611 ] } },
{ "type": "Feature", "properties": { "diocese_11": "https://g17.dhi-roma.it/resources/institution_457", "diocese_11_label": "Pisana", "event_lead_speed": 0.13606140527365523, "time_delta": 41.0, "distance": 266.44638933067228, "distance_sum": 3463.8030612987395, "time_delta_sum": 1253.0, "event_count": 13, "distance_log": 5.5849803508738791, "distance_sum_log": 72.604744561360434, "diocese_lead_speed": 0.13606140527365523 }, "geometry": { "type": "Point", "coordinates": [ 10.4, 43.716666666667003 ] } },
{ "type": "Feature", "properties": { "diocese_11": "https://g17.dhi-roma.it/resources/institution_459", "diocese_11_label": "Pistoriensis", "event_lead_speed": 0.060451854073382147, "time_delta": 92.0, "distance": 262.64072140410138, "distance_sum": 3939.6108210615212, "time_delta_sum": 2380.0, "event_count": 15, "distance_log": 5.5705026792205183, "distance_sum_log": 83.557540188307769, "diocese_lead_speed": 0.060451854073382147 }, "geometry": { "type": "Point", "coordinates": [ 10.916666666667, 43.933333333333003 ] } },
{ "type": "Feature", "properties": { "diocese_11": "https://g17.dhi-roma.it/resources/institution_460", "diocese_11_label": "Placentina provinciae Bononiensis", "event_lead_speed": 0.083784058093228891, "time_delta": 72.0, "distance": 417.95923594640777, "distance_sum": 27167.350336516505, "time_delta_sum": 13135.4, "event_count": 65, "distance_log": 6.0353252179905361, "distance_sum_log": 392.29613916938484, "diocese_lead_speed": 0.083784058093228891 }, "geometry": { "type": "Point", "coordinates": [ 9.7, 45.05 ] } },
{ "type": "Feature", "properties": { "diocese_11": "https://g17.dhi-roma.it/resources/institution_461", "diocese_11_label": "Placentina provinciae Compostellanae", "event_lead_speed": 0.070783315784567841, "time_delta": 104.0, "distance": 1574.7056856263534, "distance_sum": 45666.464883164248, "time_delta_sum": 4096.0, "event_count": 29, "distance_log": 7.3618234554949629, "distance_sum_log": 213.49288020935393, "diocese_lead_speed": 0.070783315784567841 }, "geometry": { "type": "Point", "coordinates": [ -6.0908333333333, 40.0275 ] } },
{ "type": "Feature", "properties": { "diocese_11": "https://g17.dhi-roma.it/resources/institution_465", "diocese_11_label": "Polignanensis", "event_lead_speed": 0.12524390238210245, "time_delta": 48.0, "distance": 407.9186090516618, "distance_sum": 3671.2674814649563, "time_delta_sum": 761.0, "event_count": 9, "distance_log": 6.0110669496512124, "distance_sum_log": 54.099602546860908, "diocese_lead_speed": 0.12524390238210245 }, "geometry": { "type": "Point", "coordinates": [ 17.220277777778001, 40.996111111110999 ] } },
{ "type": "Feature", "properties": { "diocese_11": "https://g17.dhi-roma.it/resources/institution_469", "diocese_11_label": "Portugallensis", "event_lead_speed": 0.060348188523731201, "time_delta": 124.0, "distance": 1763.1169933641991, "distance_sum": 8815.5849668209958, "time_delta_sum": 1509.0, "event_count": 5, "distance_log": 7.4748298163692652, "distance_sum_log": 37.374149081846326, "diocese_lead_speed": 0.060348188523731201 }, "geometry": { "type": "Point", "coordinates": [ -8.6107777777778, 41.149472222222002 ] } },
{ "type": "Feature", "properties": { "diocese_11": "https://g17.dhi-roma.it/resources/institution_471", "diocese_11_label": "Potentina", "event_lead_speed": 0.027477866536525408, "time_delta": 222.0, "distance": 307.08159354597768, "distance_sum": 1842.489561275866, "time_delta_sum": 1690.0, "event_count": 6, "distance_log": 5.7267759813277088, "distance_sum_log": 34.360655887966253, "diocese_lead_speed": 0.027477866536525408 }, "geometry": { "type": "Point", "coordinates": [ 15.8, 40.633333333332999 ] } },
{ "type": "Feature", "properties": { "diocese_11": "https://g17.dhi-roma.it/resources/institution_48", "diocese_11_label": "Anagnina", "event_lead_speed": 0.035567277606925983, "time_delta": 114.0, "distance": 52.816076483863149, "distance_sum": 739.42507077408413, "time_delta_sum": 7634.0, "event_count": 14, "distance_log": 3.9520050125093014, "distance_sum_log": 55.328070175130222, "diocese_lead_speed": 0.035567277606925983 }, "geometry": { "type": "Point", "coordinates": [ 13.15, 41.75 ] } },
{ "type": "Feature", "properties": { "diocese_11": "https://g17.dhi-roma.it/resources/institution_481", "diocese_11_label": "Ravennatensis", "event_lead_speed": 0.04239982868005316, "time_delta": 133.0, "distance": 281.1031195705034, "distance_sum": 3373.2374348460407, "time_delta_sum": 1523.0, "event_count": 12, "distance_log": 5.6387213678113577, "distance_sum_log": 67.664656413736296, "diocese_lead_speed": 0.04239982868005316 }, "geometry": { "type": "Point", "coordinates": [ 12.201666666666666, 44.416111111111114 ] } },
{ "type": "Feature", "properties": { "diocese_11": "https://g17.dhi-roma.it/resources/institution_482", "diocese_11_label": "Reatina", "event_lead_speed": 0.11718992448592455, "time_delta": 35.5, "distance": 63.92871805875464, "distance_sum": 1917.8615417626393, "time_delta_sum": 3187.0, "event_count": 30, "distance_log": 4.1577403162282343, "distance_sum_log": 124.73220948684703, "diocese_lead_speed": 0.11718992448592455 }, "geometry": { "type": "Point", "coordinates": [ 12.856702, 42.40443 ] } },
{ "type": "Feature", "properties": { "diocese_11": "https://g17.dhi-roma.it/resources/institution_484", "diocese_11_label": "Redonensis", "event_lead_speed": 0.055647975888219396, "time_delta": 129.0, "distance": 1310.3119119753503, "distance_sum": 17034.054855679555, "time_delta_sum": 2719.0, "event_count": 13, "distance_log": 7.1780201035353306, "distance_sum_log": 93.314261345959295, "diocese_lead_speed": 0.055647975888219396 }, "geometry": { "type": "Point", "coordinates": [ -1.6808333333333, 48.114166666667003 ] } },
{ "type": "Feature", "properties": { "diocese_11": "https://g17.dhi-roma.it/resources/institution_486", "diocese_11_label": "Regiensis", "event_lead_speed": 0.086578885472614886, "time_delta": 67.5, "distance": 346.92282363281993, "distance_sum": 4856.919530859479, "time_delta_sum": 2232.8, "event_count": 14, "distance_log": 5.8490110825615842, "distance_sum_log": 81.886155155862184, "diocese_lead_speed": 0.086578885472614886 }, "geometry": { "type": "Point", "coordinates": [ 10.633333333333001, 44.7 ] } },
{ "type": "Feature", "properties": { "diocese_11": "https://g17.dhi-roma.it/resources/institution_488", "diocese_11_label": "Rheginensis", "event_lead_speed": 0.016656204435393777, "time_delta": 373.0, "distance": 499.01500954470578, "distance_sum": 2495.0750477235288, "time_delta_sum": 4357.0, "event_count": 5, "distance_log": 6.212636141725544, "distance_sum_log": 31.063180708627719, "diocese_lead_speed": 0.016656204435393777 }, "geometry": { "type": "Point", "coordinates": [ 15.65, 38.114438888888998 ] } },
{ "type": "Feature", "properties": { "diocese_11": "https://g17.dhi-roma.it/resources/institution_490", "diocese_11_label": "Ripana", "event_lead_speed": 0.071539830770253443, "time_delta": 71.0, "distance": 161.39982785156289, "distance_sum": 806.99913925781448, "time_delta_sum": 606.0, "event_count": 5, "distance_log": 5.0838777924927427, "distance_sum_log": 25.419388962463714, "diocese_lead_speed": 0.071539830770253443 }, "geometry": { "type": "Point", "coordinates": [ 13.762491666667, 43.000216666667001 ] } },
{ "type": "Feature", "properties": { "diocese_11": "https://g17.dhi-roma.it/resources/institution_493", "diocese_11_label": "Rossanensis", "event_lead_speed": 0.021857366547089523, "time_delta": 278.0, "distance": 435.37009406757824, "distance_sum": 5224.4411288109386, "time_delta_sum": 3230.0, "event_count": 12, "distance_log": 6.0761963340475083, "distance_sum_log": 72.914356008570095, "diocese_lead_speed": 0.021857366547089523 }, "geometry": { "type": "Point", "coordinates": [ 16.633333333332999, 39.566666666666997 ] } },
{ "type": "Feature", "properties": { "diocese_11": "https://g17.dhi-roma.it/resources/institution_500", "diocese_11_label": "Sabinensis", "event_lead_speed": 0.37898315430843482, "time_delta": 11.0, "distance": 64.337874026214791, "distance_sum": 450.36511818350357, "time_delta_sum": 411.0, "event_count": 7, "distance_log": 4.1641210047929125, "distance_sum_log": 29.148847033550389, "diocese_lead_speed": 0.37898315430843482 }, "geometry": { "type": "Point", "coordinates": [ 12.856666666666667, 42.404166666666669 ] } },
{ "type": "Feature", "properties": { "diocese_11": "https://g17.dhi-roma.it/resources/institution_503", "diocese_11_label": "Salamantina", "event_lead_speed": 0.084193420496505883, "time_delta": 87.0, "distance": 1518.5603481711025, "distance_sum": 39482.569052448664, "time_delta_sum": 2426.4, "event_count": 26, "distance_log": 7.3255149943777447, "distance_sum_log": 190.46338985382135, "diocese_lead_speed": 0.084193420496505883 }, "geometry": { "type": "Point", "coordinates": [ -5.664166666666667, 40.965 ] } },
{ "type": "Feature", "properties": { "diocese_11": "https://g17.dhi-roma.it/resources/institution_504", "diocese_11_label": "Salernitana", "event_lead_speed": 0.006633780342201908, "time_delta": 822.0, "distance": 229.45738151150465, "distance_sum": 3900.7754856955789, "time_delta_sum": 11344.0, "event_count": 17, "distance_log": 5.4350617556526251, "distance_sum_log": 92.396049846094627, "diocese_lead_speed": 0.006633780342201908 }, "geometry": { "type": "Point", "coordinates": [ 14.759444444444444, 40.680555555555557 ] } },
{ "type": "Feature", "properties": { "diocese_11": "https://g17.dhi-roma.it/resources/institution_509", "diocese_11_label": "Sancta Agathae Gothorum", "event_lead_speed": 0.15439321420356272, "time_delta": 34.0, "distance": 186.08214460837337, "distance_sum": 2046.9035906921072, "time_delta_sum": 2819.0, "event_count": 11, "distance_log": 5.2251764073170657, "distance_sum_log": 57.476940480487727, "diocese_lead_speed": 0.15439321420356272 }, "geometry": { "type": "Point", "coordinates": [ 14.49743, 41.08932 ] } },
{ "type": "Feature", "properties": { "diocese_11": "https://g17.dhi-roma.it/resources/institution_523", "diocese_11_label": "Sarsinatensis", "event_lead_speed": 0.17473492522336606, "time_delta": 31.0, "distance": 226.05100484422309, "distance_sum": 1130.2550242211155, "time_delta_sum": 207.0, "event_count": 5, "distance_log": 5.4207584707472849, "distance_sum_log": 27.103792353736424, "diocese_lead_speed": 0.17473492522336606 }, "geometry": { "type": "Point", "coordinates": [ 12.15, 43.916666666666998 ] } },
{ "type": "Feature", "properties": { "diocese_11": "https://g17.dhi-roma.it/resources/institution_528", "diocese_11_label": "Segobiensis", "event_lead_speed": 0.053211576469163059, "time_delta": 136.0, "distance": 1389.8899112591162, "distance_sum": 45866.367071550834, "time_delta_sum": 6149.0, "event_count": 33, "distance_log": 7.2369796022074127, "distance_sum_log": 238.82032687284462, "diocese_lead_speed": 0.053211576469163059 }, "geometry": { "type": "Point", "coordinates": [ -4.1183333333333, 40.948055555556003 ] } },
{ "type": "Feature", "properties": { "diocese_11": "https://g17.dhi-roma.it/resources/institution_529", "diocese_11_label": "Seguntin", "event_lead_speed": 0.052629336470159181, "time_delta": 136.0, "distance": 1267.444528182102, "distance_sum": 39290.780373645161, "time_delta_sum": 7931.4, "event_count": 31, "distance_log": 7.1447415489998285, "distance_sum_log": 221.48698801899468, "diocese_lead_speed": 0.052629336470159181 }, "geometry": { "type": "Point", "coordinates": [ -2.6391666666667, 41.069166666667002 ] } },
{ "type": "Feature", "properties": { "diocese_11": "https://g17.dhi-roma.it/resources/institution_530", "diocese_11_label": "Senensis", "event_lead_speed": 0.19326966135727075, "time_delta": 27.0, "distance": 184.54110945143526, "distance_sum": 2399.0344228686586, "time_delta_sum": 1102.0, "event_count": 13, "distance_log": 5.2178720661494884, "distance_sum_log": 67.832336859943354, "diocese_lead_speed": 0.19326966135727075 }, "geometry": { "type": "Point", "coordinates": [ 11.331388888889, 43.318333333333001 ] } },
{ "type": "Feature", "properties": { "diocese_11": "https://g17.dhi-roma.it/resources/institution_538", "diocese_11_label": "Sorana", "event_lead_speed": 0.085933405503510363, "time_delta": 53.0, "distance": 95.452380311814295, "distance_sum": 859.07142280632866, "time_delta_sum": 1522.0, "event_count": 9, "distance_log": 4.5586103258453488, "distance_sum_log": 41.027492932608141, "diocese_lead_speed": 0.085933405503510363 }, "geometry": { "type": "Point", "coordinates": [ 13.616666666666999, 41.716666666667003 ] } },
{ "type": "Feature", "properties": { "diocese_11": "https://g17.dhi-roma.it/resources/institution_540", "diocese_11_label": "Spirensis", "event_lead_speed": 0.083759100626503546, "time_delta": 81.0, "distance": 884.33953188771113, "distance_sum": 10612.074382652534, "time_delta_sum": 3144.0, "event_count": 12, "distance_log": 6.7848277412117666, "distance_sum_log": 81.417932894541195, "diocese_lead_speed": 0.083759100626503546 }, "geometry": { "type": "Point", "coordinates": [ 8.433615, 49.3165553 ] } },
{ "type": "Feature", "properties": { "diocese_11": "https://g17.dhi-roma.it/resources/institution_541", "diocese_11_label": "Spoletana", "event_lead_speed": 0.11102875890831738, "time_delta": 41.0, "distance": 96.023281171273652, "distance_sum": 2688.6518727956623, "time_delta_sum": 3200.0, "event_count": 28, "distance_log": 4.5642014835048172, "distance_sum_log": 127.79764153813488, "diocese_lead_speed": 0.11102875890831738 }, "geometry": { "type": "Point", "coordinates": [ 12.733333333333, 42.733333333333 ] } },
{ "type": "Feature", "properties": { "diocese_11": "https://g17.dhi-roma.it/resources/institution_542", "diocese_11_label": "Squillacensis", "event_lead_speed": 0.080351811406586704, "time_delta": 77.0, "distance": 486.16031726438734, "distance_sum": 4375.442855379486, "time_delta_sum": 2045.0, "event_count": 9, "distance_log": 6.1865382505206128, "distance_sum_log": 55.678844254685515, "diocese_lead_speed": 0.080351811406586704 }, "geometry": { "type": "Point", "coordinates": [ 16.516666666667, 38.783333333332997 ] } },
{ "type": "Feature", "properties": { "diocese_11": "https://g17.dhi-roma.it/resources/institution_549", "diocese_11_label": "Surrentina", "event_lead_speed": 0.083680390092649992, "time_delta": 64.0, "distance": 211.72817556216972, "distance_sum": 2752.4662823082062, "time_delta_sum": 994.0, "event_count": 13, "distance_log": 5.3553029099830116, "distance_sum_log": 69.618937829779156, "diocese_lead_speed": 0.083680390092649992 }, "geometry": { "type": "Point", "coordinates": [ 14.373611111111, 40.627777777778 ] } },
{ "type": "Feature", "properties": { "diocese_11": "https://g17.dhi-roma.it/resources/institution_550", "diocese_11_label": "Sutrina", "event_lead_speed": 0.09084683831285692, "time_delta": 42.0, "distance": 45.369507740321311, "distance_sum": 317.58655418224919, "time_delta_sum": 1216.0, "event_count": 7, "distance_log": 3.8148386532749803, "distance_sum_log": 26.703870572924863, "diocese_lead_speed": 0.09084683831285692 }, "geometry": { "type": "Point", "coordinates": [ 12.215833333333, 42.247777777777998 ] } },
{ "type": "Feature", "properties": { "diocese_11": "https://g17.dhi-roma.it/resources/institution_551", "diocese_11_label": "Taranthasiensis", "event_lead_speed": 0.051989565878349818, "time_delta": 126.5, "distance": 623.96675498827256, "distance_sum": 6239.6675498827253, "time_delta_sum": 4345.0, "event_count": 10, "distance_log": 6.436096953278259, "distance_sum_log": 64.36096953278259, "diocese_lead_speed": 0.051989565878349818 }, "geometry": { "type": "Point", "coordinates": [ 6.5338888888889, 45.485 ] } },
{ "type": "Feature", "properties": { "diocese_11": "https://g17.dhi-roma.it/resources/institution_553", "diocese_11_label": "Tarentina", "event_lead_speed": 0.094725216778869289, "time_delta": 64.0, "distance": 429.02348599247375, "distance_sum": 4719.258345917211, "time_delta_sum": 877.0, "event_count": 11, "distance_log": 6.0615109501315541, "distance_sum_log": 66.676620451447093, "diocese_lead_speed": 0.094725216778869289 }, "geometry": { "type": "Point", "coordinates": [ 17.243055555555557, 40.471111111111114 ] } },
{ "type": "Feature", "properties": { "diocese_11": "https://g17.dhi-roma.it/resources/institution_555", "diocese_11_label": "Tarraconensis", "event_lead_speed": 0.051479598251313249, "time_delta": 133.0, "distance": 943.6173607890571, "distance_sum": 16041.495133413971, "time_delta_sum": 8551.0, "event_count": 17, "distance_log": 6.8497013177100463, "distance_sum_log": 116.44492240107078, "diocese_lead_speed": 0.051479598251313249 }, "geometry": { "type": "Point", "coordinates": [ 1.252777777777778, 41.1175 ] } },
{ "type": "Feature", "properties": { "diocese_11": "https://g17.dhi-roma.it/resources/institution_556", "diocese_11_label": "Tarvisina", "event_lead_speed": 0.052078159546743517, "time_delta": 116.0, "distance": 420.70780127950144, "distance_sum": 7993.4482243105276, "time_delta_sum": 2715.0, "event_count": 19, "distance_log": 6.0419185039670724, "distance_sum_log": 114.79645157537438, "diocese_lead_speed": 0.052078159546743517 }, "geometry": { "type": "Point", "coordinates": [ 12.242219444444, 45.672219444444003 ] } },
{ "type": "Feature", "properties": { "diocese_11": "https://g17.dhi-roma.it/resources/institution_557", "diocese_11_label": "Terdonensis", "event_lead_speed": 0.029884638053034748, "time_delta": 204.0, "distance": 443.81500383187307, "distance_sum": 8432.4850728055881, "time_delta_sum": 10531.0, "event_count": 19, "distance_log": 6.0954069318207811, "distance_sum_log": 115.81273170459484, "diocese_lead_speed": 0.029884638053034748 }, "geometry": { "type": "Point", "coordinates": [ 8.8655555555556, 44.894166666666997 ] } },
{ "type": "Feature", "properties": { "diocese_11": "https://g17.dhi-roma.it/resources/institution_559", "diocese_11_label": "Terracinensis", "event_lead_speed": 0.01048855974865969, "time_delta": 451.5, "distance": 88.060760600567704, "distance_sum": 704.48608480454163, "time_delta_sum": 4244.0, "event_count": 8, "distance_log": 4.4725471886184298, "distance_sum_log": 35.780377508947439, "diocese_lead_speed": 0.01048855974865969 }, "geometry": { "type": "Point", "coordinates": [ 13.25, 41.283333333332997 ] } },
{ "type": "Feature", "properties": { "diocese_11": "https://g17.dhi-roma.it/resources/institution_560", "diocese_11_label": "Terulensis", "event_lead_speed": 0.038322163953266243, "time_delta": 184.0, "distance": 1153.6086844760241, "distance_sum": 14996.912898188313, "time_delta_sum": 3397.0, "event_count": 13, "distance_log": 7.0506501256049825, "distance_sum_log": 91.658451632864768, "diocese_lead_speed": 0.038322163953266243 }, "geometry": { "type": "Point", "coordinates": [ -1.1072222222222, 40.343611111111002 ] } },
{ "type": "Feature", "properties": { "diocese_11": "https://g17.dhi-roma.it/resources/institution_561", "diocese_11_label": "Theanensis", "event_lead_speed": 0.0338633014709665, "time_delta": 148.0, "distance": 150.01559852231344, "distance_sum": 2700.2807734016419, "time_delta_sum": 6858.0, "event_count": 18, "distance_log": 5.0107366199522527, "distance_sum_log": 90.193259159140553, "diocese_lead_speed": 0.0338633014709665 }, "geometry": { "type": "Point", "coordinates": [ 14.066666666667, 41.25 ] } },
{ "type": "Feature", "properties": { "diocese_11": "https://g17.dhi-roma.it/resources/institution_562", "diocese_11_label": "Theatina", "event_lead_speed": 0.11880378160325659, "time_delta": 42.0, "distance": 146.90099071999609, "distance_sum": 2056.6138700799452, "time_delta_sum": 587.0, "event_count": 14, "distance_log": 4.989758827336777, "distance_sum_log": 69.856623582714874, "diocese_lead_speed": 0.11880378160325659 }, "geometry": { "type": "Point", "coordinates": [ 14.167427777778, 42.351113888889003 ] } },
{ "type": "Feature", "properties": { "diocese_11": "https://g17.dhi-roma.it/resources/institution_566", "diocese_11_label": "Tirasonensis", "event_lead_speed": 0.03828055327523204, "time_delta": 243.0, "distance": 1177.5933681898462, "distance_sum": 9420.7469455187693, "time_delta_sum": 3850.0, "event_count": 8, "distance_log": 7.0712276233323781, "distance_sum_log": 56.569820986659025, "diocese_lead_speed": 0.03828055327523204 }, "geometry": { "type": "Point", "coordinates": [ -1.7225, 41.904444444444003 ] } },
{ "type": "Feature", "properties": { "diocese_11": "https://g17.dhi-roma.it/resources/institution_569", "diocese_11_label": "Toletana", "event_lead_speed": 0.018411691941160463, "time_delta": 540.0, "distance": 1417.6835147169779, "distance_sum": 11341.468117735823, "time_delta_sum": 4824.0, "event_count": 8, "distance_log": 7.2567418657446812, "distance_sum_log": 58.053934925957449, "diocese_lead_speed": 0.018411691941160463 }, "geometry": { "type": "Point", "coordinates": [ -4.0333333333333, 39.866666666667001 ] } },
{ "type": "Feature", "properties": { "diocese_11": "https://g17.dhi-roma.it/resources/institution_576", "diocese_11_label": "Trecorensis", "event_lead_speed": 0.075799329786833805, "time_delta": 96.0, "distance": 1446.5576830462064, "distance_sum": 7232.7884152310326, "time_delta_sum": 972.0, "event_count": 5, "distance_log": 7.2769419693648061, "distance_sum_log": 36.38470984682403, "diocese_lead_speed": 0.075799329786833805 }, "geometry": { "type": "Point", "coordinates": [ -3.2325, 48.785 ] } },
{ "type": "Feature", "properties": { "diocese_11": "https://g17.dhi-roma.it/resources/institution_578", "diocese_11_label": "Tricaricensis", "event_lead_speed": 0.030334917555486621, "time_delta": 192.0, "distance": 337.97849721070639, "distance_sum": 3041.8064748963575, "time_delta_sum": 5716.0, "event_count": 9, "distance_log": 5.8229811819235291, "distance_sum_log": 52.406830637311764, "diocese_lead_speed": 0.030334917555486621 }, "geometry": { "type": "Point", "coordinates": [ 16.15, 40.616666666667001 ] } },
{ "type": "Feature", "properties": { "diocese_11": "https://g17.dhi-roma.it/resources/institution_58", "diocese_11_label": "Teramensis seu Apruntina", "event_lead_speed": 0.074947044057820711, "time_delta": 65.0, "distance": 130.04728883056788, "distance_sum": 1430.5201771362467, "time_delta_sum": 2016.0, "event_count": 11, "distance_log": 4.8677753971247091, "distance_sum_log": 53.545529368371803, "diocese_lead_speed": 0.074947044057820711 }, "geometry": { "type": "Point", "coordinates": [ 13.703911111110999, 42.658852777778002 ] } },
{ "type": "Feature", "properties": { "diocese_11": "https://g17.dhi-roma.it/resources/institution_583", "diocese_11_label": "Troiana", "event_lead_speed": 0.17077769055175487, "time_delta": 32.5, "distance": 237.87168790756735, "distance_sum": 1427.2301274454042, "time_delta_sum": 188.0, "event_count": 6, "distance_log": 5.4712159181531419, "distance_sum_log": 32.827295508918851, "diocese_lead_speed": 0.17077769055175487 }, "geometry": { "type": "Point", "coordinates": [ 15.3, 41.366666666667001 ] } },
{ "type": "Feature", "properties": { "diocese_11": "https://g17.dhi-roma.it/resources/institution_586", "diocese_11_label": "Tudensis", "event_lead_speed": 0.048164886105038357, "time_delta": 155.0, "distance": 1750.4948954304753, "distance_sum": 19255.443849735228, "time_delta_sum": 1985.0, "event_count": 11, "distance_log": 7.4676438151202325, "distance_sum_log": 82.14408196632256, "diocese_lead_speed": 0.048164886105038357 }, "geometry": { "type": "Point", "coordinates": [ -8.644444, 42.048056 ] } },
{ "type": "Feature", "properties": { "diocese_11": "https://g17.dhi-roma.it/resources/institution_587", "diocese_11_label": "Tullensis", "event_lead_speed": 0.039634008965126581, "time_delta": 172.0, "distance": 912.52169165808016, "distance_sum": 11862.781991555043, "time_delta_sum": 3912.0, "event_count": 13, "distance_log": 6.8162111216148036, "distance_sum_log": 88.610744580992446, "diocese_lead_speed": 0.039634008965126581 }, "geometry": { "type": "Point", "coordinates": [ 5.891666667, 48.675 ] } },
{ "type": "Feature", "properties": { "diocese_11": "https://g17.dhi-roma.it/resources/institution_592", "diocese_11_label": "Ugentina", "event_lead_speed": 0.093478130538891424, "time_delta": 67.0, "distance": 525.01379754398442, "distance_sum": 2625.068987719922, "time_delta_sum": 732.0, "event_count": 5, "distance_log": 6.2634242397536601, "distance_sum_log": 31.317121198768302, "diocese_lead_speed": 0.093478130538891424 }, "geometry": { "type": "Point", "coordinates": [ 18.166666666666998, 39.933333333333003 ] } },
{ "type": "Feature", "properties": { "diocese_11": "https://g17.dhi-roma.it/resources/institution_593", "diocese_11_label": "Ulixboniensis", "event_lead_speed": 0.062772092672137181, "time_delta": 120.0, "distance": 1867.4151190215853, "distance_sum": 35480.88726141012, "time_delta_sum": 2254.0, "event_count": 19, "distance_log": 7.5323103998181997, "distance_sum_log": 143.1138975965458, "diocese_lead_speed": 0.062772092672137181 }, "geometry": { "type": "Point", "coordinates": [ -9.139016, 38.708042 ] } },
{ "type": "Feature", "properties": { "diocese_11": "https://g17.dhi-roma.it/resources/institution_597", "diocese_11_label": "Urbevetana", "event_lead_speed": 0.14288777074248296, "time_delta": 32.0, "distance": 96.759074273436198, "distance_sum": 677.31351991405336, "time_delta_sum": 2929.0, "event_count": 7, "distance_log": 4.5722241056783774, "distance_sum_log": 32.005568739748639, "diocese_lead_speed": 0.14288777074248296 }, "geometry": { "type": "Point", "coordinates": [ 12.1, 42.716666666667003 ] } },
{ "type": "Feature", "properties": { "diocese_11": "https://g17.dhi-roma.it/resources/institution_598", "diocese_11_label": "Urbinatensis", "event_lead_speed": 0.15640474883753164, "time_delta": 34.0, "distance": 204.99027661800653, "distance_sum": 3279.8444258881045, "time_delta_sum": 1236.0, "event_count": 16, "distance_log": 5.3228228816594934, "distance_sum_log": 85.165166106551894, "diocese_lead_speed": 0.15640474883753164 }, "geometry": { "type": "Point", "coordinates": [ 12.6372, 43.725238888889002 ] } },
{ "type": "Feature", "properties": { "diocese_11": "https://g17.dhi-roma.it/resources/institution_599", "diocese_11_label": "Urbis seu Romana", "event_lead_speed": 0.030823424310610272, "time_delta": 11.0, "distance": 4.5048366438926264, "distance_sum": 90.096732877852531, "time_delta_sum": 439.8, "event_count": 20, "distance_log": 0.78115943871580629, "distance_sum_log": 15.623188774316125, "diocese_lead_speed": 0.030823424310610272 }, "geometry": { "type": "Point", "coordinates": [ 12.482777777778001, 41.893055555556003 ] } },
{ "type": "Feature", "properties": { "diocese_11": "https://g17.dhi-roma.it/resources/institution_600", "diocese_11_label": "Urgellensis", "event_lead_speed": 0.072149127768845189, "time_delta": 95.0, "distance": 948.69568509271562, "distance_sum": 37947.827403708623, "time_delta_sum": 6420.0, "event_count": 40, "distance_log": 6.8550786196297651, "distance_sum_log": 274.2031447851906, "diocese_lead_speed": 0.072149127768845189 }, "geometry": { "type": "Point", "coordinates": [ 1.0858333333333, 41.662222222221999 ] } },
{ "type": "Feature", "properties": { "diocese_11": "https://g17.dhi-roma.it/resources/institution_605", "diocese_11_label": "Valentina", "event_lead_speed": 0.063058872581567324, "time_delta": 111.5, "distance": 1120.8740815517226, "distance_sum": 22417.481631034454, "time_delta_sum": 4703.0, "event_count": 20, "distance_log": 7.0218539440915251, "distance_sum_log": 140.4370788818305, "diocese_lead_speed": 0.063058872581567324 }, "geometry": { "type": "Point", "coordinates": [ -0.376388888888889, 39.47 ] } },
{ "type": "Feature", "properties": { "diocese_11": "https://g17.dhi-roma.it/resources/institution_608", "diocese_11_label": "Vallisolitana", "event_lead_speed": 0.029050123712421681, "time_delta": 251.0, "distance": 1431.6779659357628, "distance_sum": 11453.423727486103, "time_delta_sum": 5462.0, "event_count": 8, "distance_log": 7.2665923796288832, "distance_sum_log": 58.132739037031065, "diocese_lead_speed": 0.029050123712421681 }, "geometry": { "type": "Point", "coordinates": [ -4.7285611111111, 41.651980555556001 ] } },
{ "type": "Feature", "properties": { "diocese_11": "https://g17.dhi-roma.it/resources/institution_609", "diocese_11_label": "Valvensis", "event_lead_speed": 0.023864980836119116, "time_delta": 234.0, "distance": 265.84399226977757, "distance_sum": 3721.815891776886, "time_delta_sum": 4693.0, "event_count": 14, "distance_log": 5.5829081470071928, "distance_sum_log": 78.160714058100695, "diocese_lead_speed": 0.023864980836119116 }, "geometry": { "type": "Point", "coordinates": [ 15.26946, 40.73821 ] } },
{ "type": "Feature", "properties": { "diocese_11": "https://g17.dhi-roma.it/resources/institution_620", "diocese_11_label": "Venetensis", "event_lead_speed": 0.091492598361745517, "time_delta": 89.0, "distance": 1364.7631951366807, "distance_sum": 13647.631951366806, "time_delta_sum": 2598.0, "event_count": 10, "distance_log": 7.2187244498656487, "distance_sum_log": 72.187244498656483, "diocese_lead_speed": 0.091492598361745517 }, "geometry": { "type": "Point", "coordinates": [ -2.7616666666667, 47.655 ] } },
{ "type": "Feature", "properties": { "diocese_11": "https://g17.dhi-roma.it/resources/institution_623", "diocese_11_label": "Venusina", "event_lead_speed": 0.028738344559623236, "time_delta": 198.0, "distance": 296.10447038433801, "distance_sum": 2072.731292690366, "time_delta_sum": 1700.0, "event_count": 7, "distance_log": 5.6907115228248744, "distance_sum_log": 39.834980659774118, "diocese_lead_speed": 0.028738344559623236 }, "geometry": { "type": "Point", "coordinates": [ 15.816666666667, 40.966666666667003 ] } },
{ "type": "Feature", "properties": { "diocese_11": "https://g17.dhi-roma.it/resources/institution_624", "diocese_11_label": "Verulana", "event_lead_speed": 0.047109382990526506, "time_delta": 93.0, "distance": 80.676180515935073, "distance_sum": 726.08562464341571, "time_delta_sum": 2262.0, "event_count": 9, "distance_log": 4.3904220160584009, "distance_sum_log": 39.513798144525609, "diocese_lead_speed": 0.047109382990526506 }, "geometry": { "type": "Point", "coordinates": [ 13.416666666667, 41.683333333333003 ] } },
{ "type": "Feature", "properties": { "diocese_11": "https://g17.dhi-roma.it/resources/institution_625", "diocese_11_label": "Veronensis", "event_lead_speed": 0.140014390353455, "time_delta": 43.0, "distance": 412.10850540980812, "distance_sum": 19369.09975426098, "time_delta_sum": 3059.2, "event_count": 47, "distance_log": 6.0212717958577633, "distance_sum_log": 282.99977440531489, "diocese_lead_speed": 0.140014390353455 }, "geometry": { "type": "Point", "coordinates": [ 10.992777777777778, 45.438611111111108 ] } },
{ "type": "Feature", "properties": { "diocese_11": "https://g17.dhi-roma.it/resources/institution_629", "diocese_11_label": "Vicensis", "event_lead_speed": 0.064867801503026928, "time_delta": 104.0, "distance": 849.68168042269679, "distance_sum": 30588.540495217083, "time_delta_sum": 8795.4, "event_count": 36, "distance_log": 6.7448482438779136, "distance_sum_log": 242.81453677960488, "diocese_lead_speed": 0.064867801503026928 }, "geometry": { "type": "Point", "coordinates": [ 2.254575, 41.930379 ] } },
{ "type": "Feature", "properties": { "diocese_11": "https://g17.dhi-roma.it/resources/institution_63", "diocese_11_label": "Aquilana", "event_lead_speed": 0.061391304611164509, "time_delta": 73.5, "distance": 90.080898683441859, "distance_sum": 3423.0741499707906, "time_delta_sum": 7946.4, "event_count": 38, "distance_log": 4.5005053800584625, "distance_sum_log": 171.01920444222156, "diocese_lead_speed": 0.061391304611164509 }, "geometry": { "type": "Point", "coordinates": [ 13.391991666667, 42.354008333332999 ] } },
{ "type": "Feature", "properties": { "diocese_11": "https://g17.dhi-roma.it/resources/institution_630", "diocese_11_label": "Vicentina", "event_lead_speed": 0.03664147700693722, "time_delta": 165.0, "distance": 412.8676632836254, "distance_sum": 9908.8239188070092, "time_delta_sum": 4828.0, "event_count": 24, "distance_log": 6.0231267778846354, "distance_sum_log": 144.55504266923126, "diocese_lead_speed": 0.03664147700693722 }, "geometry": { "type": "Point", "coordinates": [ 11.55, 45.55 ] } },
{ "type": "Feature", "properties": { "diocese_11": "https://g17.dhi-roma.it/resources/institution_635", "diocese_11_label": "Virdunensis", "event_lead_speed": 0.090609367973036162, "time_delta": 76.0, "distance": 978.43010124690488, "distance_sum": 8805.8709112221441, "time_delta_sum": 2777.0, "event_count": 9, "distance_log": 6.8859488588339861, "distance_sum_log": 61.973539729505873, "diocese_lead_speed": 0.090609367973036162 }, "geometry": { "type": "Point", "coordinates": [ 5.3827777777778, 49.159722222222001 ] } },
{ "type": "Feature", "properties": { "diocese_11": "https://g17.dhi-roma.it/resources/institution_636", "diocese_11_label": "Visensis", "event_lead_speed": 0.030388654204943136, "time_delta": 245.0, "distance": 1710.943507686035, "distance_sum": 15398.491569174315, "time_delta_sum": 2739.0, "event_count": 9, "distance_log": 7.4448001856207036, "distance_sum_log": 67.003201670586336, "diocese_lead_speed": 0.030388654204943136 }, "geometry": { "type": "Point", "coordinates": [ -7.913888888888889, 40.6575 ] } },
{ "type": "Feature", "properties": { "diocese_11": "https://g17.dhi-roma.it/resources/institution_637", "diocese_11_label": "Viterbiensis", "event_lead_speed": 0.060814046123250219, "time_delta": 69.0, "distance": 67.304569248547054, "distance_sum": 874.95940023111177, "time_delta_sum": 985.0, "event_count": 13, "distance_log": 4.2065804246495695, "distance_sum_log": 54.685545520444407, "diocese_lead_speed": 0.060814046123250219 }, "geometry": { "type": "Point", "coordinates": [ 12.104166666667, 42.418611111110998 ] } },
{ "type": "Feature", "properties": { "diocese_11": "https://g17.dhi-roma.it/resources/institution_64", "diocese_11_label": "Aquilegiensis", "event_lead_speed": 0.078958409225520623, "time_delta": 77.0, "distance": 436.59433102404091, "distance_sum": 6112.3206343365728, "time_delta_sum": 3266.0, "event_count": 14, "distance_log": 6.0790041449471968, "distance_sum_log": 85.106058029260751, "diocese_lead_speed": 0.078958409225520623 }, "geometry": { "type": "Point", "coordinates": [ 13.36650855486905, 45.77329089051733 ] } },
{ "type": "Feature", "properties": { "diocese_11": "https://g17.dhi-roma.it/resources/institution_641", "diocese_11_label": "Volaterrana", "event_lead_speed": 0.045454662716054056, "time_delta": 118.0, "distance": 215.59459965215919, "distance_sum": 2371.5405961737511, "time_delta_sum": 1751.0, "event_count": 11, "distance_log": 5.3730681051521394, "distance_sum_log": 59.10374915667353, "diocese_lead_speed": 0.045454662716054056 }, "geometry": { "type": "Point", "coordinates": [ 10.866666666666999, 43.4 ] } },
{ "type": "Feature", "properties": { "diocese_11": "https://g17.dhi-roma.it/resources/institution_643", "diocese_11_label": "Vulturariensis", "event_lead_speed": 0.10896922632215164, "time_delta": 50.0, "distance": 232.21526864046464, "distance_sum": 1161.0763432023232, "time_delta_sum": 311.0, "event_count": 5, "distance_log": 5.4476635516800229, "distance_sum_log": 27.238317758400115, "diocese_lead_speed": 0.10896922632215164 }, "geometry": { "type": "Point", "coordinates": [ 14.916666666667, 40.883333333332999 ] } },
{ "type": "Feature", "properties": { "diocese_11": "https://g17.dhi-roma.it/resources/institution_651", "diocese_11_label": "Zamorensis", "event_lead_speed": 0.078507468713152589, "time_delta": 93.5, "distance": 1534.4055215153476, "distance_sum": 24550.488344245561, "time_delta_sum": 1779.0, "event_count": 16, "distance_log": 7.3358935738730953, "distance_sum_log": 117.37429718196952, "diocese_lead_speed": 0.078507468713152589 }, "geometry": { "type": "Point", "coordinates": [ -6.0, 41.75 ] } },
{ "type": "Feature", "properties": { "diocese_11": "https://g17.dhi-roma.it/resources/institution_668", "diocese_11_label": "Vercellensis", "event_lead_speed": 0.039877613327819424, "time_delta": 156.0, "distance": 502.61999545858589, "distance_sum": 8544.5399227959606, "time_delta_sum": 6367.0, "event_count": 17, "distance_log": 6.2198329905147487, "distance_sum_log": 105.73716083875073, "diocese_lead_speed": 0.039877613327819424 }, "geometry": { "type": "Point", "coordinates": [ 8.423055555555555, 45.325555555555553 ] } },
{ "type": "Feature", "properties": { "diocese_11": "https://g17.dhi-roma.it/resources/institution_677", "diocese_11_label": "Alatrina", "event_lead_speed": 0.070508995497439289, "time_delta": 61.0, "distance": 73.449244152494018, "distance_sum": 514.14470906745817, "time_delta_sum": 1721.0, "event_count": 7, "distance_log": 4.2965695898878185, "distance_sum_log": 30.075987129214727, "diocese_lead_speed": 0.070508995497439289 }, "geometry": { "type": "Point", "coordinates": [ 13.342222222222, 41.726388888888998 ] } },
{ "type": "Feature", "properties": { "diocese_11": "https://g17.dhi-roma.it/resources/institution_679", "diocese_11_label": "Alexandrina diocesis provinciae Mediolanensis", "event_lead_speed": 0.10387116126886309, "time_delta": 59.0, "distance": 458.99064172983122, "distance_sum": 3212.9344921088186, "time_delta_sum": 1047.0, "event_count": 7, "distance_log": 6.1290296720876052, "distance_sum_log": 42.903207704613237, "diocese_lead_speed": 0.10387116126886309 }, "geometry": { "type": "Point", "coordinates": [ 8.62, 44.913330555556001 ] } },
{ "type": "Feature", "properties": { "diocese_11": "https://g17.dhi-roma.it/resources/institution_681", "diocese_11_label": "San Severino", "event_lead_speed": 0.46025756442633453, "time_delta": 11.0, "distance": 158.33479661564004, "distance_sum": 950.00877969384021, "time_delta_sum": 539.0, "event_count": 6, "distance_log": 5.0647082320294503, "distance_sum_log": 30.388249392176704, "diocese_lead_speed": 0.46025756442633453 }, "geometry": { "type": "Point", "coordinates": [ 13.177102777778, 43.228855555556002 ] } },
{ "type": "Feature", "properties": { "diocese_11": "https://g17.dhi-roma.it/resources/institution_682", "diocese_11_label": "Bisceglie", "event_lead_speed": 0.019191060456909305, "time_delta": 304.0, "distance": 339.50324664440251, "distance_sum": 2376.5227265108174, "time_delta_sum": 2696.0, "event_count": 7, "distance_log": 5.8272652435115111, "distance_sum_log": 40.790856704580577, "diocese_lead_speed": 0.019191060456909305 }, "geometry": { "type": "Point", "coordinates": [ 16.502061111111001, 41.240933333332997 ] } },
{ "type": "Feature", "properties": { "diocese_11": "https://g17.dhi-roma.it/resources/institution_687", "diocese_11_label": "Tudertin", "event_lead_speed": 0.41777662168808916, "time_delta": 11.0, "distance": 99.000666919742088, "distance_sum": 990.00666919742082, "time_delta_sum": 844.0, "event_count": 10, "distance_log": 4.5951258049179824, "distance_sum_log": 45.951258049179827, "diocese_lead_speed": 0.41777662168808916 }, "geometry": { "type": "Point", "coordinates": [ 12.416666666667, 42.783333333332997 ] } },
{ "type": "Feature", "properties": { "diocese_11": "https://g17.dhi-roma.it/resources/institution_69", "diocese_11_label": "Aretina", "event_lead_speed": 0.10000409718742279, "time_delta": 52.0, "distance": 182.03164527145262, "distance_sum": 6735.1708750437465, "time_delta_sum": 5010.0, "event_count": 37, "distance_log": 5.2039914861685279, "distance_sum_log": 192.54768498823555, "diocese_lead_speed": 0.10000409718742279 }, "geometry": { "type": "Point", "coordinates": [ 11.878055555555999, 43.463055555555997 ] } },
{ "type": "Feature", "properties": { "diocese_11": "https://g17.dhi-roma.it/resources/institution_693", "diocese_11_label": "pergamen", "event_lead_speed": 0.11357294414324422, "time_delta": 63.0, "distance": 1280.2568136032455, "distance_sum": 24324.879458461666, "time_delta_sum": 1399.0, "event_count": 19, "distance_log": 7.1548096862286563, "distance_sum_log": 135.94138403834447, "diocese_lead_speed": 0.11357294414324422 }, "geometry": { "type": "Point", "coordinates": [ 27.183333, 39.116667 ] } },
{ "type": "Feature", "properties": { "diocese_11": "https://g17.dhi-roma.it/resources/institution_694", "diocese_11_label": "Patavina", "event_lead_speed": 0.036881436506788406, "time_delta": 162.0, "distance": 394.33868149448125, "distance_sum": 9069.7896743730689, "time_delta_sum": 3712.0, "event_count": 23, "distance_log": 5.9771656504694599, "distance_sum_log": 137.47480996079759, "diocese_lead_speed": 0.036881436506788406 }, "geometry": { "type": "Point", "coordinates": [ 11.877777777778, 45.406388888888998 ] } },
{ "type": "Feature", "properties": { "diocese_11": "https://g17.dhi-roma.it/resources/institution_699", "diocese_11_label": "Aquensis in Provincie", "event_lead_speed": 0.0038964029003209226, "time_delta": 1644.0, "distance": 604.53584943495684, "distance_sum": 3022.679247174784, "time_delta_sum": 5846.0, "event_count": 5, "distance_log": 6.4044579582981225, "distance_sum_log": 32.022289791490614, "diocese_lead_speed": 0.0038964029003209226 }, "geometry": { "type": "Point", "coordinates": [ 5.4455555555556, 43.527777777777999 ] } },
{ "type": "Feature", "properties": { "diocese_11": "https://g17.dhi-roma.it/resources/institution_702", "diocese_11_label": "Triventinus", "event_lead_speed": 0.013602586995279498, "time_delta": 378.0, "distance": 169.72304480658806, "distance_sum": 1866.9534928724686, "time_delta_sum": 5449.0, "event_count": 11, "distance_log": 5.1336418711188267, "distance_sum_log": 56.470060582307099, "diocese_lead_speed": 0.013602586995279498 }, "geometry": { "type": "Point", "coordinates": [ 14.55, 41.766666666667 ] } },
{ "type": "Feature", "properties": { "diocese_11": "https://g17.dhi-roma.it/resources/institution_703", "diocese_11_label": "Sancti Angeli de Lombardis", "event_lead_speed": 0.088970056869739217, "time_delta": 62.0, "distance": 249.09892044249978, "distance_sum": 1743.6924430974984, "time_delta_sum": 413.0, "event_count": 7, "distance_log": 5.5178481508970441, "distance_sum_log": 38.624937056279308, "diocese_lead_speed": 0.088970056869739217 }, "geometry": { "type": "Point", "coordinates": [ 15.183333333333, 40.933333333333003 ] } },
{ "type": "Feature", "properties": { "diocese_11": "https://g17.dhi-roma.it/resources/institution_706", "diocese_11_label": "Calliensis", "event_lead_speed": 0.072446684117875998, "time_delta": 72.0, "distance": 183.96656420056644, "distance_sum": 1655.6990778050979, "time_delta_sum": 1112.0, "event_count": 9, "distance_log": 5.2147527850715045, "distance_sum_log": 46.93277506564354, "diocese_lead_speed": 0.072446684117875998 }, "geometry": { "type": "Point", "coordinates": [ 12.6473, 43.547 ] } },
{ "type": "Feature", "properties": { "diocese_11": "https://g17.dhi-roma.it/resources/institution_713", "diocese_11_label": "Elborensis", "event_lead_speed": 0.054988543051021042, "time_delta": 136.0, "distance": 1770.2549831433384, "distance_sum": 12391.784882003369, "time_delta_sum": 894.0, "event_count": 7, "distance_log": 7.4788788018721757, "distance_sum_log": 52.352151613105228, "diocese_lead_speed": 0.054988543051021042 }, "geometry": { "type": "Point", "coordinates": [ -7.9072222222222, 38.5725 ] } },
{ "type": "Feature", "properties": { "diocese_11": "https://g17.dhi-roma.it/resources/institution_714", "diocese_11_label": "Fanensis", "event_lead_speed": 0.052380205659846121, "time_delta": 103.0, "distance": 221.41953647703048, "distance_sum": 1992.7758282932743, "time_delta_sum": 1840.0, "event_count": 9, "distance_log": 5.3999938262147449, "distance_sum_log": 48.599944435932706, "diocese_lead_speed": 0.052380205659846121 }, "geometry": { "type": "Point", "coordinates": [ 13.019755555555999, 43.843530555556001 ] } },
{ "type": "Feature", "properties": { "diocese_11": "https://g17.dhi-roma.it/resources/institution_715", "diocese_11_label": "Fesulana", "event_lead_speed": 0.075646603927243067, "time_delta": 74.0, "distance": 232.9159959275336, "distance_sum": 2794.9919511304033, "time_delta_sum": 1741.0, "event_count": 12, "distance_log": 5.4506778391870156, "distance_sum_log": 65.408134070244188, "diocese_lead_speed": 0.075646603927243067 }, "geometry": { "type": "Point", "coordinates": [ 11.3, 43.8 ] } },
{ "type": "Feature", "properties": { "diocese_11": "https://g17.dhi-roma.it/resources/institution_719", "diocese_11_label": "Imolensis", "event_lead_speed": 0.074836403092511161, "time_delta": 76.0, "distance": 283.69459763661865, "distance_sum": 3688.0297692760428, "time_delta_sum": 2005.0, "event_count": 13, "distance_log": 5.6476571184159914, "distance_sum_log": 73.419542539407885, "diocese_lead_speed": 0.074836403092511161 }, "geometry": { "type": "Point", "coordinates": [ 11.714722222222001, 44.353055555555997 ] } },
{ "type": "Feature", "properties": { "diocese_11": "https://g17.dhi-roma.it/resources/institution_72", "diocese_11_label": "Ariminensis", "event_lead_speed": 0.12458295028736685, "time_delta": 44.0, "distance": 240.33864111823067, "distance_sum": 2643.7250523005373, "time_delta_sum": 1409.0, "event_count": 11, "distance_log": 5.4820485755265347, "distance_sum_log": 60.302534330791879, "diocese_lead_speed": 0.12458295028736685 }, "geometry": { "type": "Point", "coordinates": [ 12.568333333332999, 44.059444444443997 ] } },
{ "type": "Feature", "properties": { "diocese_11": "https://g17.dhi-roma.it/resources/institution_74", "diocese_11_label": "Asculana", "event_lead_speed": 0.1030199756826729, "time_delta": 48.0, "distance": 138.96043895115918, "distance_sum": 5141.5362411928891, "time_delta_sum": 5427.4, "event_count": 37, "distance_log": 4.9341678631826964, "distance_sum_log": 182.56421093775975, "diocese_lead_speed": 0.1030199756826729 }, "geometry": { "type": "Point", "coordinates": [ 13.575277777778, 42.854722222222001 ] } },
{ "type": "Feature", "properties": { "diocese_11": "https://g17.dhi-roma.it/resources/institution_77", "diocese_11_label": "Astensis", "event_lead_speed": 0.13528622269192372, "time_delta": 46.0, "distance": 481.40302458731026, "distance_sum": 3851.224196698482, "time_delta_sum": 519.0, "event_count": 8, "distance_log": 6.1767046315332728, "distance_sum_log": 49.413637052266182, "diocese_lead_speed": 0.13528622269192372 }, "geometry": { "type": "Point", "coordinates": [ 8.2069444444444, 44.9 ] } },
{ "type": "Feature", "properties": { "diocese_11": "https://g17.dhi-roma.it/resources/institution_78", "diocese_11_label": "Astoricensis", "event_lead_speed": 0.044318579056456545, "time_delta": 165.5, "distance": 1531.0431915086294, "distance_sum": 36745.036596207108, "time_delta_sum": 5845.4, "event_count": 24, "distance_log": 7.3337011357582798, "distance_sum_log": 176.00882725819872, "diocese_lead_speed": 0.044318579056456545 }, "geometry": { "type": "Point", "coordinates": [ -6.0569444444444, 42.4575 ] } },
{ "type": "Feature", "properties": { "diocese_11": "https://g17.dhi-roma.it/resources/institution_86", "diocese_11_label": "Auriensis", "event_lead_speed": 0.048226897416496481, "time_delta": 154.0, "distance": 1683.7874335308654, "distance_sum": 42094.685838271638, "time_delta_sum": 6662.0, "event_count": 25, "distance_log": 7.4287896648730829, "distance_sum_log": 185.71974162182707, "diocese_lead_speed": 0.048226897416496481 }, "geometry": { "type": "Point", "coordinates": [ -7.86406, 42.33556 ] } },
{ "type": "Feature", "properties": { "diocese_11": "https://g17.dhi-roma.it/resources/institution_91", "diocese_11_label": "Avellinensis", "event_lead_speed": 0.091521759008129533, "time_delta": 59.0, "distance": 221.35854921152935, "distance_sum": 1106.7927460576468, "time_delta_sum": 581.0, "event_count": 5, "distance_log": 5.3997837814796421, "distance_sum_log": 26.99891890739821, "diocese_lead_speed": 0.091521759008129533 }, "geometry": { "type": "Point", "coordinates": [ 14.789722222222, 40.915277777778002 ] } },
{ "type": "Feature", "properties": { "diocese_11": "https://g17.dhi-roma.it/resources/institution_92", "diocese_11_label": "Aversana", "event_lead_speed": 0.046612634957448905, "time_delta": 111.0, "distance": 176.48079144855498, "distance_sum": 4764.9813691109848, "time_delta_sum": 7665.0, "event_count": 27, "distance_log": 5.1732054279162059, "distance_sum_log": 139.67654655373755, "diocese_lead_speed": 0.046612634957448905 }, "geometry": { "type": "Point", "coordinates": [ 14.2064748, 40.9730341 ] } },
{ "type": "Feature", "properties": { "diocese_11": "https://g17.dhi-roma.it/resources/institution_96", "diocese_11_label": "Balneoregien", "event_lead_speed": 0.10131391426253447, "time_delta": 46.0, "distance": 91.602348860563396, "distance_sum": 458.01174430281696, "time_delta_sum": 418.0, "event_count": 5, "distance_log": 4.5147052035570763, "distance_sum_log": 22.573526017785383, "diocese_lead_speed": 0.10131391426253447 }, "geometry": { "type": "Point", "coordinates": [ 12.089166666666999, 42.63 ] } },
{ "type": "Feature", "properties": { "diocese_11": "https://g17.dhi-roma.it/resources/institution_98", "diocese_11_label": "Barbastrensis", "event_lead_speed": 0.043716831228707426, "time_delta": 160.5, "distance": 1028.2966932828456, "distance_sum": 6169.780159697073, "time_delta_sum": 1244.0, "event_count": 6, "distance_log": 6.9356351609816658, "distance_sum_log": 41.613810965889996, "diocese_lead_speed": 0.043716831228707426 }, "geometry": { "type": "Point", "coordinates": [ 0.11666666666667, 42.033333333332997 ] } },
{ "type": "Feature", "properties": { "diocese_11": "https://g17.dhi-roma.it/resources/institution_99", "diocese_11_label": "Barchinonensis", "event_lead_speed": 0.073523366444557967, "time_delta": 92.0, "distance": 861.83870108987844, "distance_sum": 49986.644663212952, "time_delta_sum": 8472.0, "event_count": 58, "distance_log": 6.7590530798302284, "distance_sum_log": 392.02507863015325, "diocese_lead_speed": 0.073523366444557967 }, "geometry": { "type": "Point", "coordinates": [ 2.1769444444444, 41.3825 ] } },
{ "type": "Feature", "properties": { "diocese_11": "https://g17.dhi-roma.it/resources/institution_999", "diocese_11_label": "Suessana", "event_lead_speed": 0.17685549626043542, "time_delta": 28.0, "distance": 141.30555438070337, "distance_sum": 1695.6666525684404, "time_delta_sum": 1051.4, "event_count": 12, "distance_log": 4.9509219393816748, "distance_sum_log": 59.411063272580101, "diocese_lead_speed": 0.17685549626043542 }, "geometry": { "type": "Point", "coordinates": [ 13.933333333333, 41.233333333333 ] } }
]
}
