,event_id,person1_id,person2_id,person1_span_text,person2_span_text,extracted_name1,extracted_name2,person1_role,person2_role,ratio_score,diocese_id,diocese_name,type_labels,date,confidence,combined_score,name_frequency,likelihood
2215,https://g17.dhi-roma.it/resources/event_602,,,Joannes Baptistae Favart,Joannis Josephi etiam Favart,Favart,Favart,providee,former possessor,1.0,https://g17.dhi-roma.it/resources/institution_364,Matisconensis,"apostolic provision,papal grace,Without care of souls,Pastor,Liturgical office,church,Church institutions",1677-10-08,1.0,1.0,101,significant
5483,https://g17.dhi-roma.it/resources/event_9900,,,Jois iosephus Ignatii etiam Regnaud,Joes Claudius Regnaud,Regnaud,Regnaud,former possessor,providee,1.0,https://g17.dhi-roma.it/resources/institution_349,Lugdunensis,"apostolic provision,papal grace,Administrative office,Holder of a canonship,Defined administrative office,Canonship and prebend,Church institutions,Collegiate church",,1.0,1.0,165,significant
7157,https://g17.dhi-roma.it/resources/event_12881,,,Antonii etiam Destaing,Petrus Destaing,Destaing,Destaing,former possessor,providee,1.0,https://g17.dhi-roma.it/resources/institution_499,Ruthenensis,"apostolic provision,papal grace,Prior,Office in a monastery",,1.0,1.0,107,significant
2615,https://g17.dhi-roma.it/resources/event_10328,,,Leonardi etiam Veyrier,Joannes Veyrier,Veyrier,Veyrier,former possessor,providee,1.0,https://g17.dhi-roma.it/resources/institution_327,Lemovicensis,"apostolic provision,papal grace,Prior,Office in a monastery,Regular canons,Order of Saint Anthony,With care of souls",1678-03-12,1.0,1.0,194,significant
2969,https://g17.dhi-roma.it/resources/event_12362,,,Natalis Bellotte,Nicolas etiam Bellotte,Bellotte,Bellotte,providee,former possessor,1.0,https://g17.dhi-roma.it/resources/institution_319,Laudunensis,"apostolic provision,papal grace,Administrative office,Holder of a canonship,Defined administrative office,Canonship and prebend,church,Church institutions",1678-04-15,1.0,1.0,85,significant
4269,https://g17.dhi-roma.it/resources/event_3815,,,Franciscus de Rocaberti,Jois etiam Rocaberti,Rocaberti,Rocaberti,providee,former possessor,1.0,https://g17.dhi-roma.it/resources/institution_246,Elnensis,"apostolic provision,papal grace,death of previous holder,Personal reason,Administrative office,Holder of an undefined benefice,Undefined administrative office,Holder of a benefice",1678-06-16,1.0,1.0,206,significant
9049,https://g17.dhi-roma.it/resources/event_13636,,,Petri etiam Ollivier,Franciscus Ollivier,Ollivier,Ollivier,former possessor,providee,1.0,https://g17.dhi-roma.it/resources/institution_484,Redonensis,"Resignation,Personal reason,apostolic provision,papal grace,Pastor,Liturgical office",,1.0,1.0,159,significant
2989,https://g17.dhi-roma.it/resources/event_9704,,,Franciscus Geneuf,Antonii etiam Geneuf,Geneuf,Geneuf,providee,former possessor,1.0,https://g17.dhi-roma.it/resources/institution_45,Ambianensis,"Placing a commenda,apostolic provision,papal grace,Prior,Office in a monastery",1678-01-30,1.0,1.0,70,significant
4404,https://g17.dhi-roma.it/resources/event_16263,,,Franciscus Jullien junior,Francisci et Jullien,Jullien,Jullien,providee,former possessor,1.0,https://g17.dhi-roma.it/resources/institution_381,Mimatensis,"apostolic provision,papal grace,church,Church institutions,Administrative office,Holder of an undefined benefice,Undefined administrative office,Holder of a benefice",1677-12-26,1.0,1.0,89,significant
7497,https://g17.dhi-roma.it/resources/event_16485,,,Iacobi etiam Otherim,Claudius Otherim,Otherim,Otherim,former possessor,providee,1.0,https://g17.dhi-roma.it/resources/institution_111,Bisuntina,"apostolic provision,papal grace,Pastor,Liturgical office,Administrative office,Undefined administrative office,Holder of a benefice in a church,Holder of a benefice,Parish Church,Church institutions",1622-07-15,1.0,1.0,93,significant
3804,https://g17.dhi-roma.it/resources/event_10199,,,Joannes Dangest,Antonii etiam Dangest,Dangest,Dangest,providee,former possessor,1.0,https://g17.dhi-roma.it/resources/institution_45,Ambianensis,"apostolic provision,papal grace,Rectorship,Liturgical office",1678-02-25,1.0,1.0,178,significant
2587,https://g17.dhi-roma.it/resources/event_1661,,,Julii Cesarii ets de la Granger,Carolus de la Granger Junior,Granger,Granger,former possessor,providee,1.0,https://g17.dhi-roma.it/resources/institution_348,Lucionensis,"Placing a commenda,apostolic provision,papal grace,Prior,Office in a monastery,Order of Saint Benedict,Orders of the monastic tradition,Priory,Monastic institutions",1677-10-08,1.0,1.0,221,significant
2995,https://g17.dhi-roma.it/resources/event_8523,,,Henricus Cleret,Antonii etiam Cleret,Cleret,Cleret,providee,former possessor,1.0,https://g17.dhi-roma.it/resources/institution_709,Noviomensis,"apostolic provision,papal grace,Administrative office,Undefined administrative office,Holder of a portion,Pastor,Liturgical office",1677-11-13,1.0,1.0,305,significant
5820,https://g17.dhi-roma.it/resources/event_8445,,,Marie etiam de la Salle,Magdalena de la Salle,Salle,Salle,former possessor,providee,1.0,https://g17.dhi-roma.it/resources/institution_81,Aturensis,"apostolic provision,papal grace,Office in a monastery,Abbot",1677-11-07,1.0,1.0,324,significant
4435,https://g17.dhi-roma.it/resources/event_15917,,,Petri etiam Bunouf,Damianus Bunouf,Bunouf,Bunouf,former possessor,providee,1.0,https://g17.dhi-roma.it/resources/institution_94,Baiocensis,"apostolic provision,papal grace,Rectorship,Liturgical office",1678-08-04,1.0,1.0,42,significant
5505,https://g17.dhi-roma.it/resources/event_17388,,,Josephus Maille,Antonii etiam Maille,Maille,Maille,providee,former possessor,1.0,https://g17.dhi-roma.it/resources/institution_264,Foroliviensis,"Resignation,Personal reason,apostolic provision,papal grace,Administrative office,Holder of a canonship,Defined administrative office,Canonship",,1.0,1.0,449,significant
4440,https://g17.dhi-roma.it/resources/event_12786,,,Franciscus de Cassaignau junior,Francisci etiam de Cassaignau,Cassaignau,Cassaignau,providee,former possessor,1.0,https://g17.dhi-roma.it/resources/institution_323,Lectoriensis,"apostolic provision,papal grace,Prior,Office in a monastery",1678-04-30,1.0,1.0,124,significant
5150,https://g17.dhi-roma.it/resources/event_9090,,,Joannes Mannoury junior,Joannis etiam Mannoury,Mannoury,Mannoury,providee,former possessor,1.0,https://g17.dhi-roma.it/resources/institution_495,Rothomagensis,"apostolic provision,papal grace,Rectorship,Liturgical office",1677-12-26,1.0,1.0,63,significant
2790,https://g17.dhi-roma.it/resources/event_4066,,,Joannes Garnier,Francisci etiam Garnier,Garnier,Garnier,providee,former possessor,1.0,https://g17.dhi-roma.it/resources/institution_589,Turonensis,"Placing a commenda,apostolic provision,papal grace,Rectorship,Liturgical office",1678-07-08,1.0,1.0,421,significant
5775,https://g17.dhi-roma.it/resources/event_12760,,,Michaelis etiam de Reilhac,Josephus de Reilhac,Reilhac,Reilhac,former possessor,providee,1.0,https://g17.dhi-roma.it/resources/institution_1089,castrensis provincia bituricensis,"Placing a commenda,apostolic provision,papal grace,Prior,Office in a monastery,Order of Saint Benedict,Orders of the monastic tradition,With care of souls",1678-04-23,1.0,1.0,55,significant
4477,https://g17.dhi-roma.it/resources/event_8371,,,Joannis etiam Lugne,Joannes Lugne,Lugne,Lugne,former possessor,providee,1.0,https://g17.dhi-roma.it/resources/institution_349,Lugdunensis,"apostolic provision,papal grace,Rectorship,Liturgical office",1677-10-30,1.0,1.0,128,significant
9849,https://g17.dhi-roma.it/resources/event_12286,,,Franciscus Genoud,Antonii etiam Genoud,Genoud,Genoud,providee,former possessor,1.0,https://g17.dhi-roma.it/resources/institution_547,Suessionensis,"apostolic provision,papal grace,Renewed commenda,Order of Cluny,Orders of the monastic tradition,Prior,Office in a monastery",,1.0,1.0,71,significant
7286,https://g17.dhi-roma.it/resources/event_1989,,,Geraldus Beviere,Joannis etiam Beviere,Beviere,Beviere,providee,former possessor,1.0,https://g17.dhi-roma.it/resources/institution_319,Laudunensis,"Resignation,Personal reason,apostolic provision,papal grace,Without care of souls,Pastor,Liturgical office,Church institutions,Collegiate church",1677-10-29,1.0,1.0,202,significant
7317,https://g17.dhi-roma.it/resources/event_9054,,,Jois etiam Chimbault,Jacobus Chimbault,Chimbault,Chimbault,former possessor,providee,1.0,https://g17.dhi-roma.it/resources/institution_589,Turonensis,"apostolic provision,papal grace,Administrative office,Undefined administrative office,Receiver of an additional payment,Pastor,Liturgical office,Parish Church,Church institutions",1677-12-26,1.0,1.0,100,significant
2821,https://g17.dhi-roma.it/resources/event_3820,,,Bened. Etiam Pedrol,Isidorus Benedictus Pedrol,Pedrol,Pedrol,former possessor,providee,1.0,https://g17.dhi-roma.it/resources/institution_600,Urgellensis,"apostolic provision,papal grace,death of previous holder,Personal reason,Parish Church,Church institutions,Administrative office,Holder of an undefined benefice,Undefined administrative office,Holder of a benefice",1678-05-16,1.0,1.0,118,significant
8269,https://g17.dhi-roma.it/resources/event_14431,,,Joannis etiam la Serre,Antonius la Serre,Serre,Serre,former possessor,providee,1.0,https://g17.dhi-roma.it/resources/institution_705,Montis Pelusii,"Resignation,Personal reason,apostolic provision,papal grace,Without care of souls,Pastor,Liturgical office",1678-06-10,1.0,1.0,327,significant
776,https://g17.dhi-roma.it/resources/event_15631,,,Josephus Dominicus Thoreau,Philippi etiam Thoreau,Thoreau,Thoreau,providee,former possessor,1.0,https://g17.dhi-roma.it/resources/institution_236,Dolensis,"Resignation,Personal reason,apostolic provision,papal grace,Pastor,Liturgical office,church,Church institutions",,1.0,1.0,212,significant
9147,https://g17.dhi-roma.it/resources/event_9079,,,Tussani Sohier Senioris,Jussanus Sohier Junior,Sohier,Sohier,former possessor,providee,1.0,https://g17.dhi-roma.it/resources/institution_50,Andegavensis,"apostolic provision,papal grace,death of previous holder,Personal reason,Rectorship,Liturgical office",,1.0,1.0,196,significant
5486,https://g17.dhi-roma.it/resources/event_12789,,,Joannis etiam Lucy seu Lully,Georgius Lucy seu Lully,Lully,Lully,former possessor,providee,1.0,https://g17.dhi-roma.it/resources/institution_552,Tarbiensis,"apostolic provision,papal grace,Rectorship,Liturgical office",1678-04-30,1.0,1.0,38,significant
886,https://g17.dhi-roma.it/resources/event_1860,,,Caroli etiam Gorra,Vespasianus Gorra,Gorra,Gorra,former possessor,providee,1.0,https://g17.dhi-roma.it/resources/institution_460,Placentina provinciae Bononiensis,"Resignation,Personal reason,apostolic provision,papal grace,Office in a monastery,Abbey Vicar,church,Church institutions",1678-09-30,1.0,1.0,181,significant
7160,https://g17.dhi-roma.it/resources/event_8454,,,Renatus Beauxamis,Petri etiam Beauxamis,Beauxamis,Beauxamis,providee,former possessor,1.0,https://g17.dhi-roma.it/resources/institution_50,Andegavensis,"apostolic provision,papal grace,death of previous holder,Personal reason,Rectorship,Liturgical office",1677-11-07,1.0,1.0,22,significant
719,https://g17.dhi-roma.it/resources/event_6596,,,Vincentii etiam de montis,Vincentius de Montis,Montis,Montis,former possessor,providee,1.0,https://g17.dhi-roma.it/resources/institution_516,Sancti Miniatis,"Resignation,Personal reason,apostolic provision,papal grace,Prior,Office in a monastery",1677-11-13,1.0,1.0,418,significant
9052,https://g17.dhi-roma.it/resources/event_15598,,,Ludovicus de Sbrayat,Matthei etiam de Sbrayat,Sbrayat,Sbrayat,providee,former possessor,1.0,https://g17.dhi-roma.it/resources/institution_55,Aniciensis,"Placing a commenda,apostolic provision,papal grace,Prior,Office in a monastery,Order of Saint Benedict,Orders of the monastic tradition",1678-07-08,1.0,1.0,71,significant
3477,https://g17.dhi-roma.it/resources/event_8867,,,Guillelmus Thexon,Jois etiam Thexon,Thexon,Thexon,providee,former possessor,1.0,https://g17.dhi-roma.it/resources/institution_139,Cadurcensis,"apostolic provision,papal grace,Archpriest,Liturgical office,Parish Church,Church institutions",1677-12-12,1.0,1.0,50,significant
1273,https://g17.dhi-roma.it/resources/event_8768,,,Betrand etiam Delpech,Joannes Franciscus Delpech,Delpech,Delpech,former possessor,providee,1.0,https://g17.dhi-roma.it/resources/institution_570,Tolosana,"apostolic provision,papal grace,Administrative office,Holder of a canonship,Defined administrative office,Prebendary,church,Church institutions,Holder of an undefined benefice,Undefined administrative office,Holder of a benefice",1677-12-02,1.0,1.0,20,significant
2120,https://g17.dhi-roma.it/resources/event_1535,,,Bartholomei etiam Vidal,Joannes Baptistae Vidal,Vidal,Vidal,former possessor,providee,1.0,https://g17.dhi-roma.it/resources/institution_246,Elnensis,"Resignation,Personal reason,apostolic provision,papal grace,Rectorship,Liturgical office,Parish Church,Church institutions",1678-07-28,1.0,1.0,187,significant
2117,https://g17.dhi-roma.it/resources/event_715,,,Joannes Baptistae Danielli,Francisci etiam Danielli,Danielli,Danielli,providee,former possessor,1.0,https://g17.dhi-roma.it/resources/institution_69,Aretina,"Resignation,Personal reason,apostolic provision,papal grace,Pastor,Liturgical office,Administrative office,Holder of an undefined benefice,Undefined administrative office,Holder of a benefice",1678-06-26,1.0,1.0,189,significant
8016,https://g17.dhi-roma.it/resources/event_12492,,,Philibertus Bazin,Hugonis etiam Bazin,Bazin,Bazin,providee,former possessor,1.0,https://g17.dhi-roma.it/resources/institution_1069,eduensis,"apostolic provision,papal grace,Administrative office,Holder of a canonship,Defined administrative office,Canonship and prebend,Church institutions,Collegiate church",1678-04-15,1.0,1.0,219,significant
2021,https://g17.dhi-roma.it/resources/event_2977,,,Ioannis etiam Brebion,Georgius Brebion,Brebion,Brebion,former possessor,providee,1.0,https://g17.dhi-roma.it/resources/institution_495,Rothomagensis,"apostolic provision,papal grace,Rectorship,Liturgical office",1678-03-04,1.0,1.0,198,significant
9625,https://g17.dhi-roma.it/resources/event_17190,,,Gasparis etiam Fabre,Josephus Fabre,Fabre,Fabre,former possessor,providee,1.0,https://g17.dhi-roma.it/resources/institution_264,Foroliviensis,"Resignation,Personal reason,apostolic provision,papal grace,Administrative office,Holder of a canonship,Defined administrative office,Canonship and prebend,Church institutions,Collegiate church",,1.0,1.0,316,significant
6251,https://g17.dhi-roma.it/resources/event_13820,,,Petrus le Clerc junior,Petri etiam le Clerc Senioris,Clerc,Clerc,providee,former possessor,1.0,https://g17.dhi-roma.it/resources/institution_181,Cenomanensis,"Placing a commenda,apostolic provision,papal grace,Prior,Office in a monastery,Order of Saint Benedict,Orders of the monastic tradition",,1.0,1.0,140,significant
3387,https://g17.dhi-roma.it/resources/event_149,,,Alexius Oliverii,Jois Baptistae etiam Oliverii,Oliverii,Oliverii,providee,former possessor,1.0,https://g17.dhi-roma.it/resources/institution_423,Nucerina,"Resignation,Personal reason,apostolic provision,papal grace,Church institutions,Major church,Administrative office,Holder of an undefined benefice,Undefined administrative office,Holder of a benefice",1678-09-02,1.0,1.0,136,significant
7652,https://g17.dhi-roma.it/resources/event_702,,,Vicente etiam Clapa,Stephanus Clapa,Clapa,Clapa,former possessor,providee,1.0,https://g17.dhi-roma.it/resources/institution_308,Januensis,"Resignation,Personal reason,apostolic provision,papal grace,Rectorship,Liturgical office,Parish Church,Church institutions",1678-07-16,1.0,1.0,119,significant
7689,https://g17.dhi-roma.it/resources/event_701,,,Joannis Francisci etiam Molle,Franciscus Antonius Molle,Molle,Molle,former possessor,providee,1.0,https://g17.dhi-roma.it/resources/institution_35,Albinganensis,"Resignation,Personal reason,apostolic provision,papal grace,Defined administrative office,Administrative office,Provostship,Parish Church,Church institutions",1678-06-25,1.0,1.0,251,significant
8173,https://g17.dhi-roma.it/resources/event_13333,,,Joannis etiam Bevier,Petrus Bevier,Bevier,Bevier,former possessor,providee,1.0,https://g17.dhi-roma.it/resources/institution_319,Laudunensis,"apostolic provision,papal grace,Sanction,heresy,Pastor,Liturgical office,Church institutions,Collegiate church",1678-05-20,1.0,1.0,289,significant
5476,https://g17.dhi-roma.it/resources/event_15440,,,Raymundi etiam Dupus Senioris,Raymundus Dupus junior,Dupus,Dupus,former possessor,providee,1.0,https://g17.dhi-roma.it/resources/institution_211,Convenarum,"apostolic provision,papal grace,Rectorship,Liturgical office",1678-07-01,1.0,1.0,90,significant
5199,https://g17.dhi-roma.it/resources/event_12644,,,Carolus Cueu,Joannis etiam Cueu,Cueu,Cueu,providee,former possessor,1.0,https://g17.dhi-roma.it/resources/institution_501,Sagiensis,"apostolic provision,papal grace,death of previous holder,Personal reason,Rectorship,Liturgical office",1678-04-30,1.0,1.0,127,significant
6519,https://g17.dhi-roma.it/resources/event_6876,,,Joannis Baptistae etiam Bertolotti,Petrus Antonius Bertolotti,Bertolotti,Bertolotti,former possessor,providee,1.0,https://g17.dhi-roma.it/resources/institution_222,Cremensis,"apostolic provision,papal grace,death of previous holder,Personal reason,Rectorship,Liturgical office,church,Church institutions",1678-04-26,1.0,1.0,82,significant
2678,https://g17.dhi-roma.it/resources/event_2754,,,Ioannes Boullet,Andree etiam Boullet,Boullet,Boullet,providee,former possessor,1.0,https://g17.dhi-roma.it/resources/institution_381,Mimatensis,"apostolic provision,papal grace,Pastor,Liturgical office,Parish Church,Church institutions",1677-11-20,1.0,1.0,273,significant
871,https://g17.dhi-roma.it/resources/event_14432,,,Petri etiam Roudil,Joannes Roudil,Roudil,Roudil,former possessor,providee,1.0,https://g17.dhi-roma.it/resources/institution_638,Vivariensis,"apostolic provision,papal grace,Rectorship,Liturgical office",1678-06-10,1.0,1.0,156,significant
2913,https://g17.dhi-roma.it/resources/event_12198,,,Antonius la Case seu La Caze,Jacobi etiam Lacaser seu la Caze,Caze,Caze,providee,former possessor,1.0,https://g17.dhi-roma.it/resources/institution_157,Carcassonensis,"apostolic provision,papal grace,Rectorship,Liturgical office",1678-04-02,1.0,1.0,135,significant
1632,https://g17.dhi-roma.it/resources/event_4220,,,Andreae etiam de Cenalles junioris,Andreas de Cenalles senior,Cenalles,Cenalles,former possessor,providee,1.0,https://g17.dhi-roma.it/resources/institution_176,Cauriensis,"Resignation,Personal reason,apostolic provision,papal grace,church,Church institutions,Archdeacon,Liturgical office",,1.0,1.0,215,significant
6388,https://g17.dhi-roma.it/resources/event_16675,,,Petri etiam Meries,Franciscus Meries,Meries,Meries,former possessor,providee,1.0,https://g17.dhi-roma.it/resources/institution_50,Andegavensis,"Resignation,Personal reason,apostolic provision,papal grace,Pastor,Liturgical office,Parish Church,Church institutions",,1.0,1.0,361,significant
9179,https://g17.dhi-roma.it/resources/event_9733,,,Petri etiam Millet,Joannes Millet,Millet,Millet,former possessor,providee,1.0,https://g17.dhi-roma.it/resources/institution_647,Xanctonensis,"apostolic provision,papal grace,Rectorship,Liturgical office",,1.0,1.0,246,significant
453,https://g17.dhi-roma.it/resources/event_15788,,,Ludovicus Chesnel,Mathei etiam Chesnel,Chesnel,Chesnel,providee,former possessor,1.0,https://g17.dhi-roma.it/resources/institution_352,Macleviensis,"Resignation,Personal reason,apostolic provision,papal grace,Rectorship,Liturgical office",,1.0,1.0,121,significant
2935,https://g17.dhi-roma.it/resources/event_12510,,,Claudii etiam Royanez,Joannes Franciscus Royanez,Royanez,Royanez,former possessor,providee,1.0,https://g17.dhi-roma.it/resources/institution_605,Valentina,"Resignation,Personal reason,apostolic provision,papal grace,Prior,Office in a monastery",,1.0,1.0,107,significant
455,https://g17.dhi-roma.it/resources/event_9421,,,Andreas Le Feure de Leheau,Nicolai etiam Le Feure Leheau,Leheau,Leheau,providee,former possessor,1.0,https://g17.dhi-roma.it/resources/institution_455,Pictaviensis,"Placing a commenda,apostolic provision,papal grace,death of previous holder,Personal reason,Prior,Office in a monastery",,1.0,1.0,95,significant
878,https://g17.dhi-roma.it/resources/event_8330,,,Guillelmus Botherhou,Iois etiam Botherhou,Botherhou,Botherhou,providee,former possessor,1.0,https://g17.dhi-roma.it/resources/institution_111,Bisuntina,"Resignation,Personal reason,apostolic provision,papal grace,Pastor,Liturgical office,Church institutions,Collegiate church",1622-02-16,1.0,1.0,49,significant
9054,https://g17.dhi-roma.it/resources/event_986,,,Acchilius etiam de Rosis,Petrus de Rosis,Rosis,Rosis,former possessor,providee,1.0,https://g17.dhi-roma.it/resources/institution_486,Regiensis,"Resignation,Personal reason,apostolic provision,papal grace,Rectorship,Liturgical office,Parish Church,Church institutions",1678-09-01,1.0,1.0,440,significant
7277,https://g17.dhi-roma.it/resources/event_10333,,,Joannis Paril et Petri etiam Paril,Marcellinus Paril,Paril,Paril,former possessor,providee,1.0,https://g17.dhi-roma.it/resources/institution_90,Auxitana,"apostolic provision,papal grace,Without care of souls,Pastor,Liturgical office,Parish Church,Church institutions",1678-03-12,1.0,1.0,351,significant
824,https://g17.dhi-roma.it/resources/event_9028,,,Ludovicus Rousseau,Ludovici etiam Rousseau,Rousseau,Rousseau,providee,former possessor,1.0,https://g17.dhi-roma.it/resources/institution_547,Suessionensis,"apostolic provision,papal grace,Pastor,Liturgical office,church,Church institutions",1677-12-12,1.0,1.0,206,significant
7916,https://g17.dhi-roma.it/resources/event_4192,,,Joannis Munoz de Aguilar Senioris,Joannes Munoz de Aguilar Junior,Aguilar,Aguilar,former possessor,providee,1.0,https://g17.dhi-roma.it/resources/institution_324,Legionensis,"Resignation,Personal reason,apostolic provision,papal grace,Administrative office,Holder of a canonship,Defined administrative office,Canonship and prebend,church,Church institutions",1623-02-07,1.0,1.0,189,significant
7334,https://g17.dhi-roma.it/resources/event_16368,,,Claudii etiam Cudel,Petrus Cudel,Cudel,Cudel,former possessor,providee,1.0,https://g17.dhi-roma.it/resources/institution_336,Lingonensis,"Resignation,Personal reason,apostolic provision,papal grace,Rectorship,Liturgical office",1622-04-29,1.0,1.0,110,significant
7085,https://g17.dhi-roma.it/resources/event_7103,,,Faustus Cospi,Octaviani etiam Cospi,Cospi,Cospi,providee,former possessor,1.0,https://g17.dhi-roma.it/resources/institution_197,Clusinensis,"apostolic provision,papal grace,death of previous holder,Personal reason,Administrative office,Holder of an undefined benefice,Undefined administrative office,Holder of a benefice",1678-06-28,1.0,1.0,148,significant
1836,https://g17.dhi-roma.it/resources/event_6657,,,Franciscus de Belmonte etiam Alareon,Alphonsi etiam de Belmonte etiam Alareon,Alareon,Alareon,providee,former possessor,1.0,https://g17.dhi-roma.it/resources/institution_204,Conchensis,"apostolic provision,papal grace,death of previous holder,Personal reason,Pastor,Liturgical office,Church institutions,Collegiate church",1677-10-29,1.0,1.0,263,significant
3003,https://g17.dhi-roma.it/resources/event_8955,,,Joseph natus Donatii Antonii Quarta,Cataldi etiam Quarta,Quarta,Quarta,providee,former possessor,1.0,https://g17.dhi-roma.it/resources/institution_333,Liciensis,"apostolic provision,papal grace,death of previous holder,Personal reason,Administrative office,Holder of an undefined benefice,Undefined administrative office,Holder of a benefice",1678-07-27,1.0,1.0,106,significant
4322,https://g17.dhi-roma.it/resources/event_8374,,,Ludovici etiam Le Gallic,Ludovicus Le Gallic,Gallic,Gallic,former possessor,providee,1.0,https://g17.dhi-roma.it/resources/institution_216,Corisopitensis,"Resignation,Personal reason,apostolic provision,papal grace,Rectorship,Liturgical office",,1.0,1.0,143,significant
7628,https://g17.dhi-roma.it/resources/event_709,,,Joes Maldonado de Barrientos,Antonii etiam Maldonado de Barrientos,Barrientos,Barrientos,providee,former possessor,1.0,https://g17.dhi-roma.it/resources/institution_503,Salamantina,"Resignation,Personal reason,apostolic provision,papal grace,Administrative office,Undefined administrative office,Holder of a portion,Holder of an undefined benefice,Holder of a benefice",1678-07-23,1.0,1.0,162,significant
4827,https://g17.dhi-roma.it/resources/event_8480,,,Lucas Bugy,Petri etiam Bugy,Bugy,Bugy,providee,former possessor,1.0,https://g17.dhi-roma.it/resources/institution_85,Aurelianensis,"apostolic provision,papal grace,death of previous holder,Personal reason,Administrative office,Holder of a canonship,Defined administrative office,Canonship and prebend,church,Church institutions",1677-11-13,1.0,1.0,53,significant
2546,https://g17.dhi-roma.it/resources/event_4193,,,Andreas de Zenalles Senior,Andreae de Zenalles Junioris,Zenalles,Zenalles,providee,former possessor,1.0,https://g17.dhi-roma.it/resources/institution_176,Cauriensis,"Resignation,Personal reason,apostolic provision,papal grace,church,Church institutions,Archdeacon,Liturgical office",,1.0,1.0,82,significant
2566,https://g17.dhi-roma.it/resources/event_4190,,,Michaelis etiam Sanchez Senioris,Michael Sanchez,Sanchez,Sanchez,former possessor,providee,1.0,https://g17.dhi-roma.it/resources/institution_441,Pampilonensis,"Resignation,Personal reason,apostolic provision,papal grace,church,Church institutions,Administrative office,Holder of an undefined benefice,Undefined administrative office,Holder of a benefice",1622-12-03,1.0,1.0,112,significant
3619,https://g17.dhi-roma.it/resources/event_9826,,,Ludovici etiam Donadinus,Andreas Donadinus,Donadinus,Donadinus,former possessor,providee,1.0,https://g17.dhi-roma.it/resources/institution_192,Claromontensis,"apostolic provision,papal grace,Rectorship,Liturgical office",1678-02-13,1.0,1.0,169,significant
4380,https://g17.dhi-roma.it/resources/event_8622,,,Mathei etiam Thoreau,Carolus Thoreau,Thoreau,Thoreau,former possessor,providee,1.0,https://g17.dhi-roma.it/resources/institution_236,Dolensis,"Resignation,Personal reason,apostolic provision,papal grace,Administrative office,Holder of a canonship,Defined administrative office,Canonship and prebend,church,Church institutions",1677-12-02,1.0,1.0,212,significant
7650,https://g17.dhi-roma.it/resources/event_14428,,,Joannis etiam la Serre,Antonius la Serre,Serre,Serre,former possessor,providee,1.0,https://g17.dhi-roma.it/resources/institution_705,Montis Pelusii,"Resignation,Personal reason,apostolic provision,papal grace,Prior,Office in a monastery",1678-06-10,1.0,1.0,327,significant
9506,https://g17.dhi-roma.it/resources/event_15426,,,Jacobus Mousmier,Francisci etiam Mousmier,Mousmier,Mousmier,providee,former possessor,1.0,https://g17.dhi-roma.it/resources/institution_327,Lemovicensis,"Resignation,Personal reason,apostolic provision,papal grace,Administrative office,Holder of a canonship,Defined administrative office,Canonship and prebend,Church institutions,Collegiate church",1678-07-01,1.0,1.0,123,significant
6573,https://g17.dhi-roma.it/resources/event_12801,,,Fulerandi etiam Roussilhon,Antonius Roussilhon,Roussilhon,Roussilhon,former possessor,providee,1.0,https://g17.dhi-roma.it/resources/institution_604,Vabrensis,"Resignation,Personal reason,apostolic provision,papal grace,Pastor,Liturgical office,Parish Church,Church institutions",,1.0,1.0,89,significant
6572,https://g17.dhi-roma.it/resources/event_12231,,,Antonii etiam Charrial,Claudius Charrial,Charrial,Charrial,former possessor,providee,1.0,https://g17.dhi-roma.it/resources/institution_381,Mimatensis,"Resignation,Personal reason,apostolic provision,papal grace,Rectorship,Liturgical office,Curate",,1.0,1.0,209,significant
9510,https://g17.dhi-roma.it/resources/event_16105,,,Antonius de Voyon Junior,Antonii et de Voyon Senior,Voyon,Voyon,providee,former possessor,1.0,https://g17.dhi-roma.it/resources/institution_327,Lemovicensis,"apostolic provision,papal grace,Administrative office,Holder of a canonship,Defined administrative office,Canonship and prebend,Church institutions,Collegiate church",1677-10-16,1.0,1.0,38,significant
460,https://g17.dhi-roma.it/resources/event_15641,,,Josephus Dominicus Thoreau,Philippi etiam Thoreau,Thoreau,Thoreau,providee,former possessor,1.0,https://g17.dhi-roma.it/resources/institution_236,Dolensis,"Resignation,Personal reason,apostolic provision,papal grace,Pastor,Liturgical office,church,Church institutions",1678-07-15,1.0,1.0,212,significant
9006,https://g17.dhi-roma.it/resources/event_801,,,Joannis Baptistae etiam Accame,Joannes Baptistae Accame,Accame,Accame,former possessor,providee,1.0,https://g17.dhi-roma.it/resources/institution_35,Albinganensis,"Resignation,Personal reason,apostolic provision,papal grace,Rectorship,Liturgical office,Parish Church,Church institutions",1678-07-16,1.0,1.0,58,significant
9004,https://g17.dhi-roma.it/resources/event_12656,,,Jacobi etiam Le Mestivier,Ludovicus le Mestivier,Mestivier,Mestivier,former possessor,providee,1.0,https://g17.dhi-roma.it/resources/institution_181,Cenomanensis,"apostolic provision,papal grace,Rectorship,Liturgical office",1678-04-30,1.0,1.0,136,significant
5910,https://g17.dhi-roma.it/resources/event_8378,,,Modernus Mayssent,Gasparis etiam Mayssent,Mayssent,Mayssent,providee,former possessor,1.0,https://g17.dhi-roma.it/resources/institution_491,Rivensis,"apostolic provision,papal grace,Rectorship,Liturgical office",1677-11-07,1.0,1.0,107,significant
4578,https://g17.dhi-roma.it/resources/event_14857,,,Henricus Esteve,Caroli etiam Esteve,Esteve,Esteve,providee,former possessor,1.0,https://g17.dhi-roma.it/resources/institution_453,Petrocoricensis,"apostolic provision,papal grace,Church institutions,Collegiate church,Administrative office,Cantorate,Defined administrative office",1678-06-25,1.0,1.0,58,significant
4559,https://g17.dhi-roma.it/resources/event_8605,,,Jacobi etiam de la Fitte,Arnaldus de la Fitte,Fitte,Fitte,former possessor,providee,1.0,https://g17.dhi-roma.it/resources/institution_317,Lascurensis,"apostolic provision,papal grace,Rectorship,Liturgical office",,1.0,1.0,47,significant
5452,https://g17.dhi-roma.it/resources/event_14217,,,Stephani etiam Gerusnet,Ioannes Gerusnet,Gerusnet,Gerusnet,former possessor,providee,1.0,https://g17.dhi-roma.it/resources/institution_192,Claromontensis,"apostolic provision,papal grace,Prior,Office in a monastery",,1.0,1.0,129,significant
8985,https://g17.dhi-roma.it/resources/event_2657,,,Francisci etiam Garnier,Joannes Garnier,Garnier,Garnier,former possessor,providee,1.0,https://g17.dhi-roma.it/resources/institution_589,Turonensis,"Placing a commenda,apostolic provision,papal grace,Prior,Office in a monastery,Order of Saint Benedict,Orders of the monastic tradition",1678-07-08,1.0,1.0,421,significant
4280,https://g17.dhi-roma.it/resources/event_9011,,,Tussani et Sohier Senioris,Tussanus Sohier Junior,Sohier,Sohier,former possessor,providee,1.0,https://g17.dhi-roma.it/resources/institution_50,Andegavensis,"apostolic provision,papal grace,death of previous holder,Personal reason,Rectorship,Liturgical office",1677-12-12,1.0,1.0,196,significant
9002,https://g17.dhi-roma.it/resources/event_12866,,,Jacobi etiam Rousseau,Petrus Rousseau,Rousseau,Rousseau,former possessor,providee,1.0,https://g17.dhi-roma.it/resources/institution_181,Cenomanensis,"apostolic provision,papal grace,Rectorship,Liturgical office",,1.0,1.0,206,significant
5874,https://g17.dhi-roma.it/resources/event_9873,,,Julii etiam de Bologne,Renatus Antonius de Capizuchi de Bologne,Bologne,Bologne,former possessor,providee,1.0,https://g17.dhi-roma.it/resources/institution_336,Lingonensis,"apostolic provision,papal grace,church,Church institutions,Administrative office,Undefined administrative office,Holder of a dignity,Archdeacon,Liturgical office",1678-02-13,1.0,1.0,143,significant
4162,https://g17.dhi-roma.it/resources/event_16673,,,Ioannes Cassan,Iois etiam Cassan,Cassan,Cassan,providee,former possessor,1.0,https://g17.dhi-roma.it/resources/institution_211,Convenarum,"apostolic provision,papal grace,Administrative reason,cession,Prior,Office in a monastery",1622-11-28,1.0,1.0,255,significant
7627,https://g17.dhi-roma.it/resources/event_15764,,,Gabrielis etiam Veyrier,Claudius Veyrier,Veyrier,Veyrier,former possessor,providee,1.0,https://g17.dhi-roma.it/resources/institution_327,Lemovicensis,"Placing a commenda,apostolic provision,papal grace,Prior,Office in a monastery,Regular canons,Order of Saint Anthony,With care of souls",,1.0,1.0,194,significant
103,https://g17.dhi-roma.it/resources/event_10957,,,Laurentii etiam Berget seu Barges,Claudius Berger seu Barges,Barges,Barges,former possessor,providee,1.0,https://g17.dhi-roma.it/resources/institution_115,Bituricensis,"apostolic provision,papal grace,Administrative office,Holder of a canonship,Defined administrative office,Canonship and prebend,Church institutions,Collegiate church",,1.0,1.0,337,significant
2486,https://g17.dhi-roma.it/resources/event_9956,,,Matheus Thorau,Iosephi etiam Thorau,Thorau,Thorau,providee,former possessor,1.0,https://g17.dhi-roma.it/resources/institution_236,Dolensis,"apostolic provision,papal grace,Administrative office,Holder of a canonship,Defined administrative office,Canonship and prebend,church,Church institutions",1678-02-25,1.0,1.0,150,significant
6720,https://g17.dhi-roma.it/resources/event_13291,,,Joannes Pellard,Renati etiam Pellard,Pellard,Pellard,providee,former possessor,1.0,https://g17.dhi-roma.it/resources/institution_589,Turonensis,"apostolic provision,papal grace,Rectorship,Liturgical office",,1.0,1.0,179,significant
1655,https://g17.dhi-roma.it/resources/event_16780,,,Claudius Gailhart,Iosephi etiam Gailhart,Gailhart,Gailhart,providee,former possessor,1.0,https://g17.dhi-roma.it/resources/institution_25,Agathensis,"apostolic provision,papal grace,Parish Church,Church institutions",,1.0,1.0,99,significant
4458,https://g17.dhi-roma.it/resources/event_1247,,,Franciscus Maria etiam de Vicariis,Anellus Maria Vicariis,Vicariis,Vicariis,former possessor,providee,1.0,https://g17.dhi-roma.it/resources/institution_504,Salernitana,"Resignation,Personal reason,apostolic provision,papal grace,Administrative office,Holder of an undefined benefice,Undefined administrative office,Holder of a benefice",1678-10-01,1.0,1.0,156,significant
9469,https://g17.dhi-roma.it/resources/event_3928,,,iacobi Bergada Senioris,Jacobus Bergada Iunior,Bergada,Bergada,former possessor,providee,1.0,https://g17.dhi-roma.it/resources/institution_629,Vicensis,"apostolic provision,papal grace,death of previous holder,Personal reason,Pastor,Liturgical office,church,Church institutions,Administrative office,Undefined administrative office,Holder of a benefice in a church,Holder of a benefice",1622-05-10,1.0,1.0,190,significant
9100,https://g17.dhi-roma.it/resources/event_2116,,,Joannes Leydon Junior,Jois etiam Leydon,Leydon,Leydon,providee,former possessor,1.0,https://g17.dhi-roma.it/resources/institution_68,Arelatensis,"apostolic provision,papal grace,Administrative office,Holder of a canonship,Defined administrative office,Canonship and prebend,Church institutions,Collegiate church",1677-10-08,1.0,1.0,81,significant
2736,https://g17.dhi-roma.it/resources/event_8638,,,Ludovici etiam Geuffrin,Simon Petrus Geuffrin,Geuffrin,Geuffrin,former possessor,providee,1.0,https://g17.dhi-roma.it/resources/institution_709,Noviomensis,"apostolic provision,papal grace,Without care of souls,Pastor,Liturgical office",1677-12-02,1.0,1.0,47,significant
9163,https://g17.dhi-roma.it/resources/event_14197,,,Petri etiam Esnault,Egidius Esnault,Esnault,Esnault,former possessor,providee,1.0,https://g17.dhi-roma.it/resources/institution_181,Cenomanensis,"apostolic provision,papal grace,Rectorship,Liturgical office",,1.0,1.0,137,significant
1648,https://g17.dhi-roma.it/resources/event_17807,,,Franciscus Chappelier Iunior,Francisci etiam Chappelier,Chappelier,Chappelier,providee,current possessor,1.0,https://g17.dhi-roma.it/resources/institution_534,Silvanectensis,"apostolic provision,papal grace",,1.0,1.0,154,significant
7383,https://g17.dhi-roma.it/resources/event_9626,,,Nicolai etiam LeFeure de Leheau,Andreas Le Feure de Leheau,Leheau,Leheau,former possessor,providee,1.0,https://g17.dhi-roma.it/resources/institution_455,Pictaviensis,"Placing a commenda,apostolic provision,papal grace,death of previous holder,Personal reason,Prior,Office in a monastery",,1.0,1.0,95,significant
2711,https://g17.dhi-roma.it/resources/event_14310,,,Georgii etiam Tuppina,Renatus Tuppina,Tuppina,Tuppina,former possessor,providee,1.0,https://g17.dhi-roma.it/resources/institution_85,Aurelianensis,"apostolic provision,papal grace,death of previous holder,Personal reason,Administrative office,Holder of a canonship,Defined administrative office,Canonship and prebend,Church institutions,Collegiate church",1678-06-10,1.0,1.0,64,significant
2707,https://g17.dhi-roma.it/resources/event_9486,,,Geraldus Resclause,Stephani etiam Resclause,Resclause,Resclause,providee,former possessor,1.0,https://g17.dhi-roma.it/resources/institution_34,Albiensis,"apostolic provision,papal grace,Prior,Office in a monastery,Administrative office,Undefined administrative office,Holder of a dignity,With care of souls",1677-12-26,1.0,1.0,111,significant
5504,https://g17.dhi-roma.it/resources/event_12798,,,Fulerandi etiam Roussilhon,Antonius Roussilhon,Roussilhon,Roussilhon,former possessor,providee,1.0,https://g17.dhi-roma.it/resources/institution_604,Vabrensis,"Resignation,Personal reason,apostolic provision,papal grace,Prior,Office in a monastery",,1.0,1.0,89,significant
9019,https://g17.dhi-roma.it/resources/event_3460,,,Bartholomeus Damiani,Theodori etiam Damiani,Damiani,Damiani,providee,former possessor,1.0,https://g17.dhi-roma.it/resources/institution_356,Marianensis,"apostolic provision,papal grace,death of previous holder,Personal reason,Rectorship,Liturgical office",1678-01-25,1.0,1.0,194,significant
8198,https://g17.dhi-roma.it/resources/event_8155,,,Guillelmus Bontherhoux,Iois etiam Bontherhoux,Bontherhoux,Bontherhoux,providee,former possessor,1.0,https://g17.dhi-roma.it/resources/institution_111,Bisuntina,"Resignation,Personal reason,apostolic provision,papal grace,Administrative office,Holder of a canonship,Defined administrative office,Canonship and prebend,Church institutions,Collegiate church",1622-02-16,1.0,1.0,28,significant
8416,https://g17.dhi-roma.it/resources/event_13843,,,Petri etiam Codur,Ludovicus Codur,Codur,Codur,former possessor,providee,1.0,https://g17.dhi-roma.it/resources/institution_411,Nemausensis,"Resignation,Personal reason,apostolic provision,papal grace,Liturgical office,Curate,Parish Church,Church institutions",1678-06-03,1.0,1.0,137,significant
8177,https://g17.dhi-roma.it/resources/event_9005,,,Francisci etiam le Brum,Leonorus Le Brum,Brum,Brum,former possessor,providee,1.0,https://g17.dhi-roma.it/resources/institution_45,Ambianensis,"apostolic provision,papal grace,Parish Church,Church institutions,Administrative office,Holder of an undefined benefice,Undefined administrative office,Holder of a benefice",1677-12-12,1.0,1.0,63,significant
4357,https://g17.dhi-roma.it/resources/event_15443,,,Joannis etiam du Bernard,Joannes du Bernard,Bernard,Bernard,former possessor,providee,1.0,https://g17.dhi-roma.it/resources/institution_670,Vasatensis,"apostolic provision,papal grace,Without care of souls,Pastor,Liturgical office,Parish Church,Church institutions",1678-07-01,1.0,1.0,370,significant
5068,https://g17.dhi-roma.it/resources/event_15640,,,Philippi etiam Thoreau,Josephus Dominicus Thoreau,Thoreau,Thoreau,former possessor,providee,1.0,https://g17.dhi-roma.it/resources/institution_236,Dolensis,"Resignation,Personal reason,apostolic provision,papal grace,Pastor,Liturgical office,church,Church institutions",1678-07-15,1.0,1.0,212,significant
9741,https://g17.dhi-roma.it/resources/event_16248,,,Joannis Arnaldi etiam Torne,Arnaldus Torne,Torne,Torne,former possessor,providee,1.0,https://g17.dhi-roma.it/resources/institution_552,Tarbiensis,"apostolic provision,papal grace,Without care of souls,church,Church institutions",1677-12-12,1.0,1.0,336,significant
5940,https://g17.dhi-roma.it/resources/event_8315,,,Carolu etiam Depons,Petrus Depons,Depons,Depons,former possessor,providee,1.0,https://g17.dhi-roma.it/resources/institution_1106,nullius seu sancti flori,"apostolic provision,papal grace,Church institutions,Parish and collegiate church,Administrative office,Holder of a canonship,Defined administrative office,Canonship and prebend",1677-10-30,1.0,1.0,107,significant
5234,https://g17.dhi-roma.it/resources/event_7366,,,Nicolai etiam Pepin,Jacobus Pepin,Pepin,Pepin,former possessor,providee,1.0,https://g17.dhi-roma.it/resources/institution_495,Rothomagensis,"apostolic provision,papal grace,death of previous holder,Personal reason,Rectorship,Liturgical office",1678-07-29,1.0,1.0,204,significant
3097,https://g17.dhi-roma.it/resources/event_10826,,,Ludovici Barrin,Jacobi etiam Barrin,Barrin,Barrin,providee,former possessor,1.0,https://g17.dhi-roma.it/resources/institution_104,Bellovacensis,"Placing a commenda,apostolic provision,papal grace,Administrative reason,cession,Prior,Office in a monastery,Order of Saint Benedict,Orders of the monastic tradition",1678-04-02,1.0,1.0,428,significant
675,https://g17.dhi-roma.it/resources/event_9901,,,Francisci etiam Chevalier,Gilbertus Chevalier,Chevalier,Chevalier,former possessor,providee,1.0,https://g17.dhi-roma.it/resources/institution_418,Nivernensis,"apostolic provision,papal grace,Rectorship,Liturgical office",,1.0,1.0,186,significant
5450,https://g17.dhi-roma.it/resources/event_4225,,,Philippi Emanuelis de Ligniville Senioris,Philippus Emanuel de Ligniville Junior,Ligniville,Ligniville,former possessor,providee,1.0,https://g17.dhi-roma.it/resources/institution_587,Tullensis,"Placing a commenda,apostolic provision,papal grace,Administrative reason,cession,Prior,Office in a monastery,Order of Saint Benedict,Orders of the monastic tradition",1622-05-12,1.0,1.0,58,significant
3035,https://g17.dhi-roma.it/resources/event_15630,,,Philippi etiam Thoreau,Josephus Dominicus Thoreau,Thoreau,Thoreau,former possessor,providee,1.0,https://g17.dhi-roma.it/resources/institution_236,Dolensis,"Resignation,Personal reason,apostolic provision,papal grace,Pastor,Liturgical office,church,Church institutions",,1.0,1.0,212,significant
1545,https://g17.dhi-roma.it/resources/event_3397,,,Franciscus de Morellis,Francisci etiam de Morellis,Morellis,Morellis,providee,former possessor,1.0,https://g17.dhi-roma.it/resources/institution_401,Mutinensis,"apostolic provision,papal grace,death of previous holder,Personal reason,Rectorship,Liturgical office",1677-12-24,1.0,1.0,250,significant
378,https://g17.dhi-roma.it/resources/event_8277,,,Joes Jacobus de Cassand,Amabilis etiam de Cassand,Cassand,Cassand,providee,former possessor,1.0,https://g17.dhi-roma.it/resources/institution_570,Tolosana,"apostolic provision,papal grace,Administrative office,Holder of a canonship,Defined administrative office,Canonship and prebend",1677-10-30,1.0,1.0,162,significant
4664,https://g17.dhi-roma.it/resources/event_12376,,,Jacobus Andry,Claudi etiam Andry,Andry,Andry,providee,former possessor,1.0,https://g17.dhi-roma.it/resources/institution_487,Remensis,"apostolic provision,papal grace,Without care of souls,Pastor,Liturgical office",1678-04-15,1.0,1.0,172,significant
5917,https://g17.dhi-roma.it/resources/event_9231,,,Jacobus Andry,Claudii etiam Andry,Andry,Andry,providee,former possessor,1.0,https://g17.dhi-roma.it/resources/institution_487,Remensis,"apostolic provision,papal grace,Rectorship,Liturgical office",1678-01-08,1.0,1.0,172,significant
3365,https://g17.dhi-roma.it/resources/event_12540,,,Roberti etiam Bernard,Renatus Bernard,Bernard,Bernard,former possessor,providee,1.0,https://g17.dhi-roma.it/resources/institution_501,Sagiensis,"apostolic provision,papal grace,Administrative office,Holder of a canonship,Defined administrative office,Canonship and prebend,church,Church institutions",1678-04-23,1.0,1.0,370,significant
7734,https://g17.dhi-roma.it/resources/event_2387,,,Joannes Leydon Junior,Jois etiam Leydon,Leydon,Leydon,providee,former possessor,1.0,https://g17.dhi-roma.it/resources/institution_68,Arelatensis,"apostolic provision,papal grace,Rectorship,Liturgical office,Parish Church,Church institutions",1677-10-08,1.0,1.0,81,significant
7835,https://g17.dhi-roma.it/resources/event_2662,,,Petrus Anuray,Franciscsi etiam Anuray,Anuray,Anuray,providee,former possessor,1.0,https://g17.dhi-roma.it/resources/institution_589,Turonensis,"Placing a commenda,apostolic provision,papal grace,Prior,Office in a monastery,Order of Saint Benedict,Orders of the monastic tradition",1678-01-15,1.0,1.0,128,significant
9533,https://g17.dhi-roma.it/resources/event_9235,,,Iospehus du Houre,Ioannis Bapte etiam de Houre,Houre,Houre,providee,former possessor,1.0,https://g17.dhi-roma.it/resources/institution_93,Avinionensis,"Resignation,Personal reason,apostolic provision,papal grace,Order of Saint Benedict,Orders of the monastic tradition,Office in a monastery,Head of the monastery",1678-01-14,1.0,1.0,337,significant
6612,https://g17.dhi-roma.it/resources/event_1629,,,Marcus Antonius Cortes,Marci Antonii etiam Cortes,Cortes,Cortes,providee,former possessor,1.0,https://g17.dhi-roma.it/resources/institution_569,Toletana,"Resignation,Personal reason,apostolic provision,papal grace,Rectorship,Liturgical office,Parish Church,Church institutions",1678-05-16,1.0,1.0,303,significant
3591,https://g17.dhi-roma.it/resources/event_14933,,,Claudius Aubineau,Petri etiam Aubineau,Aubineau,Aubineau,providee,former possessor,1.0,https://g17.dhi-roma.it/resources/institution_348,Lucionensis,"apostolic provision,papal grace,Rectorship,Liturgical office",1678-06-25,1.0,1.0,126,significant
3573,https://g17.dhi-roma.it/resources/event_1664,,,Joannes Baptistae Bucailler,Joannis etiam Bucailler,Bucailler,Bucailler,providee,former possessor,1.0,https://g17.dhi-roma.it/resources/institution_332,Lexoviensis,"apostolic provision,papal grace,Rectorship,Liturgical office,Parish Church,Church institutions",1677-10-08,1.0,1.0,227,significant
8885,https://g17.dhi-roma.it/resources/event_9636,,,Maria Henrica de Talhoet,Francisce etiam de Talhoet,Talhoet,Talhoet,providee,former possessor,1.0,https://g17.dhi-roma.it/resources/institution_216,Corisopitensis,"Resignation,Personal reason,apostolic provision,papal grace,Undetermined reason,Unknown reason,Prior,Office in a monastery,Order of Saint Benedict,Orders of the monastic tradition",1678-01-08,1.0,1.0,77,significant
3131,https://g17.dhi-roma.it/resources/event_15793,,,Leonardi etiam de Chevriers seu Chevrieres,Alexander de Chevriers seu Chevrieres,Chevrieres,Chevrieres,former possessor,providee,1.0,https://g17.dhi-roma.it/resources/institution_364,Matisconensis,"apostolic provision,papal grace,Administrative office,Holder of a canonship,Defined administrative office,Canonship and prebend",,1.0,1.0,135,significant
1058,https://g17.dhi-roma.it/resources/event_152,,,Alexius Oliverii,Jois Baptistae etiam Oliverii,Oliverii,Oliverii,providee,former possessor,1.0,https://g17.dhi-roma.it/resources/institution_423,Nucerina,"Resignation,Personal reason,apostolic provision,papal grace,Administrative office,Holder of an undefined benefice,Undefined administrative office,Holder of a benefice",1678-09-02,1.0,1.0,136,significant
1065,https://g17.dhi-roma.it/resources/event_2084,,,Jois etiam Frances,Emericus Frances,Frances,Frances,former possessor,providee,1.0,https://g17.dhi-roma.it/resources/institution_521,Sarlatensis,"apostolic provision,papal grace,death of previous holder,Personal reason,Archpriest,Liturgical office,Church institutions,Collegiate church",1677-10-07,1.0,1.0,266,significant
9255,https://g17.dhi-roma.it/resources/event_15797,,,Claudius etiam le Vieux,Jacobus le Vieux,Vieux,Vieux,former possessor,providee,1.0,https://g17.dhi-roma.it/resources/institution_138,Cabilonensis,"apostolic provision,papal grace,Administrative office,Holder of a canonship,Defined administrative office,Canonship and prebend,Church institutions,Collegiate church",,1.0,1.0,69,significant
143,https://g17.dhi-roma.it/resources/event_12833,,,Jacobi Picard,Carolus Picard junior,Picard,Picard,former possessor,providee,1.0,https://g17.dhi-roma.it/resources/institution_45,Ambianensis,"apostolic provision,papal grace",,1.0,1.0,190,significant
4600,https://g17.dhi-roma.it/resources/event_3646,,,Mathurini Robin Senioris,Mathurinus Robin Junior,Robin,Robin,former possessor,providee,1.0,https://g17.dhi-roma.it/resources/institution_403,Nannetensis,"apostolic provision,papal grace,death of previous holder,Personal reason,Pastor,Liturgical office,Parish Church,Church institutions",1622-06-21,1.0,1.0,251,significant
1384,https://g17.dhi-roma.it/resources/event_12305,,,Guillelmus Fiscans de Boutaric,Balthazaris etiam de Boutaric,Boutaric,Boutaric,providee,former possessor,1.0,https://g17.dhi-roma.it/resources/institution_139,Cadurcensis,"apostolic provision,papal grace,Administrative office,Holder of a canonship,Defined administrative office,Canonship and prebend,Church institutions,Collegiate church",,1.0,1.0,89,significant
367,https://g17.dhi-roma.it/resources/event_2287,,,Claudii etiam Rochier,Raymundus Rochier,Rochier,Rochier,former possessor,providee,1.0,https://g17.dhi-roma.it/resources/institution_669,Uticensis,"apostolic provision,papal grace,Prior,Office in a monastery,Priory,Monastic institutions",1677-10-08,1.0,1.0,322,significant
3175,https://g17.dhi-roma.it/resources/event_3794,,,Hiacynthi etiam Torrent,Joannes Franciscus Torrent,Torrent,Torrent,former possessor,providee,1.0,https://g17.dhi-roma.it/resources/institution_277,Gerundensis,"deceased in Rome,apostolic provision,papal grace,death of previous holder,Personal reason,Administrative office,Holder of an undefined benefice,Undefined administrative office,Holder of a benefice",1677-10-27,1.0,1.0,138,significant
2370,https://g17.dhi-roma.it/resources/event_15791,,,Mathei etiam de Garnier,Vincentius de Garnier,Garnier,Garnier,former possessor,providee,1.0,https://g17.dhi-roma.it/resources/institution_1061,Viennensis in Delphinatu,"apostolic provision,papal grace,Undetermined reason,Unknown reason,Office in a monastery,monastic office",,1.0,1.0,421,significant
3584,https://g17.dhi-roma.it/resources/event_4187,,,Martini Sancho Senioris,Martinus Sancho Iunior,Sancho,Sancho,former possessor,providee,1.0,https://g17.dhi-roma.it/resources/institution_140,Caesaraugustana,"Resignation,Personal reason,apostolic provision,papal grace,Rectorship,Liturgical office",1622-10-20,1.0,1.0,190,significant
7704,https://g17.dhi-roma.it/resources/event_15785,,,Geraldus Gladines seu Gledines,Guillelmi etiam Gladines seu Gledines,Gledines,Gledines,providee,former possessor,1.0,https://g17.dhi-roma.it/resources/institution_513,Sancti Flori,"apostolic provision,papal grace,Rectorship,Liturgical office",,1.0,1.0,101,significant
5275,https://g17.dhi-roma.it/resources/event_3891,,,Petrus Ioannes Perandera,Philippi etiam Perandera,Perandera,Perandera,providee,former possessor,1.0,https://g17.dhi-roma.it/resources/institution_298,Illerdensis,"apostolic provision,papal grace,Cancellation of a pension,Pastor,Liturgical office,church,Church institutions",1622-03-15,1.0,1.0,233,significant
2325,https://g17.dhi-roma.it/resources/event_9464,,,Adami etiam Le Beuf,Henricus Le Beuf,Beuf,Beuf,former possessor,providee,1.0,https://g17.dhi-roma.it/resources/institution_50,Andegavensis,"Placing a commenda,apostolic provision,papal grace,death of previous holder,Personal reason,Prior,Office in a monastery,Order of Saint Benedict,Orders of the monastic tradition",1678-01-30,1.0,1.0,57,significant
4244,https://g17.dhi-roma.it/resources/event_15562,,,Stephani etiam Rocheffort,Franciscus Rocheffort,Rocheffort,Rocheffort,former possessor,providee,1.0,https://g17.dhi-roma.it/resources/institution_192,Claromontensis,"apostolic provision,papal grace,Church institutions,Collegiate church,Administrative office,Cantorate,Defined administrative office,Undefined administrative office,Holder of a dignity",1678-07-08,1.0,1.0,70,significant
3870,https://g17.dhi-roma.it/resources/event_16044,,,Yvonis etiam Aux Cousteaux,Claudius aux Cousteaux,Cousteaux,Cousteaux,former possessor,providee,1.0,https://g17.dhi-roma.it/resources/institution_104,Bellovacensis,"apostolic provision,papal grace,Administrative office,Holder of a canonship,Defined administrative office,Canonship and prebend,church,Church institutions",1678-08-12,1.0,1.0,114,significant
3181,https://g17.dhi-roma.it/resources/event_14967,,,Philippi etiam Boterel,Joannes Renatus Boterel,Boterel,Boterel,former possessor,providee,1.0,https://g17.dhi-roma.it/resources/institution_216,Corisopitensis,"apostolic provision,papal grace,Rectorship,Liturgical office",1678-07-01,1.0,1.0,168,significant
6948,https://g17.dhi-roma.it/resources/event_13238,,,Jois etiam Dupre,Antonius Dupre,Dupre,Dupre,former possessor,providee,1.0,https://g17.dhi-roma.it/resources/institution_381,Mimatensis,"apostolic provision,papal grace,Rectorship,Liturgical office",1678-05-15,1.0,1.0,211,significant
5984,https://g17.dhi-roma.it/resources/event_15850,,,Bernardus Caunes,Francisci etiam Caunes,Caunes,Caunes,providee,former possessor,1.0,https://g17.dhi-roma.it/resources/institution_404,Narbonensis,"apostolic provision,papal grace,Administrative office,Holder of a canonship,Defined administrative office,Canonship and prebend,Church institutions,Collegiate church",1678-07-29,1.0,1.0,310,significant
5437,https://g17.dhi-roma.it/resources/event_9053,,,Jois etiam Chimbault,Jacobus Chimbault,Chimbault,Chimbault,former possessor,providee,1.0,https://g17.dhi-roma.it/resources/institution_589,Turonensis,"apostolic provision,papal grace,Administrative office,Undefined administrative office,Receiver of an additional payment,Pastor,Liturgical office,Parish Church,Church institutions",1677-12-26,1.0,1.0,100,significant
4739,https://g17.dhi-roma.it/resources/event_150,,,Jois Baptistae etiam Oliverii,Alexius Oliverii,Oliverii,Oliverii,former possessor,providee,1.0,https://g17.dhi-roma.it/resources/institution_423,Nucerina,"Resignation,Personal reason,apostolic provision,papal grace,Administrative office,Holder of an undefined benefice,Undefined administrative office,Holder of a benefice",1678-09-02,1.0,1.0,136,significant
3488,https://g17.dhi-roma.it/resources/event_9059,,,Philiberti etiam Grattet,Joes Baptistae Grattet,Grattet,Grattet,former possessor,providee,1.0,https://g17.dhi-roma.it/resources/institution_455,Pictaviensis,"Placing a commenda,apostolic provision,papal grace,Prior,Office in a monastery,Order of Saint Benedict,Orders of the monastic tradition",1677-12-26,1.0,1.0,76,significant
1223,https://g17.dhi-roma.it/resources/event_12835,,,Jacobi Picard,Carolus Picard junior,Picard,Picard,former possessor,providee,1.0,https://g17.dhi-roma.it/resources/institution_45,Ambianensis,"apostolic provision,papal grace",,1.0,1.0,190,significant
8739,https://g17.dhi-roma.it/resources/event_8184,,,Joannes Antonius Estore seu Estorc,Davidus etiam Estore seu Estorc,Estorc,Estorc,providee,former possessor,1.0,https://g17.dhi-roma.it/resources/institution_25,Agathensis,"apostolic provision,papal grace,church,Church institutions,Administrative office,Holder of an undefined benefice,Undefined administrative office,Holder of a benefice",1677-10-16,1.0,1.0,67,significant
7782,https://g17.dhi-roma.it/resources/event_8281,,,Caroli Francisci etiam Neret,Franciscus Bartholomeus seu Bartholomen Franciscus Neret,Neret,Neret,former possessor,providee,1.0,https://g17.dhi-roma.it/resources/institution_497,Rupellensis,"Placing a commenda,apostolic provision,papal grace,death of previous holder,Personal reason,Prior,Office in a monastery,Order of Saint Benedict,Orders of the monastic tradition",1677-10-23,1.0,1.0,307,significant
1265,https://g17.dhi-roma.it/resources/event_9065,,,Ludovicus Dupin,Mathurini etiam Dupin,Dupin,Dupin,providee,former possessor,1.0,https://g17.dhi-roma.it/resources/institution_50,Andegavensis,"apostolic provision,papal grace,Rectorship,Liturgical office",1677-12-26,1.0,1.0,188,significant
1917,https://g17.dhi-roma.it/resources/event_15604,,,Joesphi Ludovici etiam de Simiane,Henricus Ludovicus de Simiane,Simiane,Simiane,former possessor,providee,1.0,https://g17.dhi-roma.it/resources/institution_285,Gratianopolitana,"apostolic provision,papal grace,Administrative office,Holder of a canonship,Defined administrative office,Canonship and prebend,church,Church institutions",1678-07-08,1.0,1.0,90,significant
6041,https://g17.dhi-roma.it/resources/event_10337,,,Paulus de Roais junior,Pauli etiam de Roais,Roais,Roais,providee,former possessor,1.0,https://g17.dhi-roma.it/resources/institution_209,Conseranensis,"apostolic provision,papal grace,Administrative office,Holder of a canonship,Defined administrative office,Prebendary,church,Church institutions,Holder of an undefined benefice,Undefined administrative office,Holder of a benefice",1678-03-12,1.0,1.0,429,significant
491,https://g17.dhi-roma.it/resources/event_9219,,,Bernardi etiam Fortassin,Ludovicus Fortassin,Fortassin,Fortassin,former possessor,providee,1.0,https://g17.dhi-roma.it/resources/institution_517,Sancti Papuli,"apostolic provision,papal grace,Rectorship,Liturgical office",1678-01-08,1.0,1.0,110,significant
9287,https://g17.dhi-roma.it/resources/event_15704,,,Franciscus de Binos,Ludovici etiam de Binos,Binos,Binos,providee,former possessor,1.0,https://g17.dhi-roma.it/resources/institution_211,Convenarum,"apostolic provision,papal grace,Parish Church,Church institutions",,1.0,1.0,243,significant
9288,https://g17.dhi-roma.it/resources/event_12796,,,Ludovicus Chamial,Antonii etiam Chamial,Chamial,Chamial,providee,former possessor,1.0,https://g17.dhi-roma.it/resources/institution_381,Mimatensis,"Resignation,Personal reason,apostolic provision,papal grace,Rectorship,Liturgical office,Curate",,1.0,1.0,156,significant
3891,https://g17.dhi-roma.it/resources/event_12837,,,Jacobi Picard,Carolus Picard junior,Picard,Picard,former possessor,providee,1.0,https://g17.dhi-roma.it/resources/institution_45,Ambianensis,"apostolic provision,papal grace",,1.0,1.0,190,significant
185,https://g17.dhi-roma.it/resources/event_7101,,,Faustus Cospi,Octaviani etiam Cospi,Cospi,Cospi,providee,former possessor,1.0,https://g17.dhi-roma.it/resources/institution_197,Clusinensis,"apostolic provision,papal grace,death of previous holder,Personal reason,Administrative office,Holder of an undefined benefice,Undefined administrative office,Holder of a benefice",1678-06-28,1.0,1.0,148,significant
3910,https://g17.dhi-roma.it/resources/event_1510,,,Dominicus Coarea de Souza,Ignatii Ferreira etiam de Souza,Souza,Souza,providee,former possessor,1.0,https://g17.dhi-roma.it/resources/institution_469,Portugallensis,"Resignation,Personal reason,apostolic provision,papal grace,Rectorship,Liturgical office,Parish Church,Church institutions",1678-07-28,1.0,1.0,81,significant
3519,https://g17.dhi-roma.it/resources/event_17311,,,Henricus Gaillard,Stephani etiam Gaillard,Gaillard,Gaillard,providee,former possessor,1.0,https://g17.dhi-roma.it/resources/institution_352,Macleviensis,"Resignation,Personal reason,apostolic provision,papal grace,church,Church institutions",,1.0,1.0,205,significant
4991,https://g17.dhi-roma.it/resources/event_14311,,,Georgii etiam Tuppina,Renatus Tuppina,Tuppina,Tuppina,former possessor,providee,1.0,https://g17.dhi-roma.it/resources/institution_85,Aurelianensis,"apostolic provision,papal grace,death of previous holder,Personal reason,Pastor,Liturgical office,Church institutions,Collegiate church",1678-06-10,1.0,1.0,64,significant
7781,https://g17.dhi-roma.it/resources/event_12306,,,Balthazaris etiam de Boutaric,Guillelmus Fiscans de Boutaric,Boutaric,Boutaric,former possessor,providee,1.0,https://g17.dhi-roma.it/resources/institution_139,Cadurcensis,"apostolic provision,papal grace,Church institutions,Collegiate church,Administrative office,Undefined administrative office,Holder of a dignity,Archdeacon,Liturgical office",,1.0,1.0,89,significant
2278,https://g17.dhi-roma.it/resources/event_14627,,,Petri etiam Bonneau,Claudius Bonneau,Bonneau,Bonneau,former possessor,providee,1.0,https://g17.dhi-roma.it/resources/institution_455,Pictaviensis,"apostolic provision,papal grace,Administrative office,Holder of a canonship,Defined administrative office,Canonship and prebend,Church institutions,Collegiate church",1678-06-18,1.0,1.0,206,significant
9668,https://g17.dhi-roma.it/resources/event_8803,,,Antonius le Berthon Junior,Joannis etiam le Berthon Seniors,Berthon,Berthon,providee,former possessor,1.0,https://g17.dhi-roma.it/resources/institution_455,Pictaviensis,"Resignation,Personal reason,apostolic provision,papal grace,Administrative office,Holder of a canonship,Defined administrative office,Canonship and prebend,Church institutions,Collegiate church",1677-12-05,1.0,1.0,274,significant
3516,https://g17.dhi-roma.it/resources/event_15802,,,Francisci etiam dela Forest,Franciscus Renatus dela Forest,Forest,Forest,former possessor,providee,1.0,https://g17.dhi-roma.it/resources/institution_50,Andegavensis,"apostolic provision,papal grace,Prior,Office in a monastery,Order of Saint Benedict,Orders of the monastic tradition",,1.0,1.0,240,significant
4201,https://g17.dhi-roma.it/resources/event_15681,,,Olivarii etiam de Lamberville Heust,Michael de Lamberville Heust,Heust,Heust,former possessor,providee,1.0,https://g17.dhi-roma.it/resources/institution_495,Rothomagensis,"apostolic provision,papal grace,Prior,Office in a monastery,Order of Saint Benedict,Orders of the monastic tradition",,1.0,1.0,100,significant
7793,https://g17.dhi-roma.it/resources/event_7102,,,Faustus Cospi,Octaviani etiam Cospi,Cospi,Cospi,providee,former possessor,1.0,https://g17.dhi-roma.it/resources/institution_197,Clusinensis,"apostolic provision,papal grace,death of previous holder,Personal reason,Administrative office,Holder of an undefined benefice,Undefined administrative office,Holder of a benefice",1678-06-28,1.0,1.0,148,significant
3920,https://g17.dhi-roma.it/resources/event_15783,,,Guillelmi etiam Gladines seu Gledines,Geraldus Gladines seu Gledines,Gledines,Gledines,former possessor,providee,1.0,https://g17.dhi-roma.it/resources/institution_513,Sancti Flori,"apostolic provision,papal grace,Rectorship,Liturgical office",,1.0,1.0,101,significant
1950,https://g17.dhi-roma.it/resources/event_4802,,,Hieronymi etiam de Auxiliis,Paulus de Auxiliis,Auxiliis,Auxiliis,former possessor,providee,1.0,https://g17.dhi-roma.it/resources/institution_92,Aversana,"apostolic provision,papal grace,death of previous holder,Personal reason,Pastor,Liturgical office",1677-11-19,1.0,1.0,70,significant
2257,https://g17.dhi-roma.it/resources/event_9808,,,Antonii etiam Martin,Andreas Martin,Martin,Martin,former possessor,providee,1.0,https://g17.dhi-roma.it/resources/institution_669,Uticensis,"Resignation,Personal reason,apostolic provision,papal grace,Prior,Office in a monastery,Administrative office,Undefined administrative office,Holder of a dignity,With care of souls",,1.0,1.0,619,significant
1957,https://g17.dhi-roma.it/resources/event_15792,,,Mathei etiam de Garnier,Vincentius de Garnier,Garnier,Garnier,former possessor,providee,1.0,https://g17.dhi-roma.it/resources/institution_1061,Viennensis in Delphinatu,"apostolic provision,papal grace,Undetermined reason,Unknown reason,Prior,Office in a monastery,With care of souls",,1.0,1.0,421,significant
3219,https://g17.dhi-roma.it/resources/event_601,,,Joannes Baptistae Favart,Joannis Josephi etiam Favart,Favart,Favart,providee,former possessor,1.0,https://g17.dhi-roma.it/resources/institution_487,Remensis,"apostolic provision,papal grace",1677-10-08,1.0,1.0,101,significant
6878,https://g17.dhi-roma.it/resources/event_16190,,,Petrus Forestz,Benedicti etiam Forestz,Forestz,Forestz,providee,former possessor,1.0,https://g17.dhi-roma.it/resources/institution_336,Lingonensis,"apostolic provision,papal grace,Administrative office,Holder of a canonship,Defined administrative office,Canonship and prebend,Church institutions,Collegiate church,Cantorate,Undefined administrative office,Holder of a dignity",1677-10-30,1.0,1.0,136,significant
6274,https://g17.dhi-roma.it/resources/event_16453,,,Mathurinus Robin iunior,Mathurini Robin,Robin,Robin,providee,former possessor,1.0,https://g17.dhi-roma.it/resources/institution_403,Nannetensis,"apostolic provision,papal grace,death of previous holder,Personal reason,Pastor,Liturgical office,Parish Church,Church institutions",1622-06-21,1.0,1.0,251,significant
5630,https://g17.dhi-roma.it/resources/event_16117,,,Caroli Francisci etiam Neret,Franciscus Bartholomeus seu Bartholomeus Franciscus Neret,Neret,Neret,former possessor,providee,1.0,https://g17.dhi-roma.it/resources/institution_497,Rupellensis,"Placing a commenda,apostolic provision,papal grace,death of previous holder,Personal reason,Prior,Office in a monastery,Order of Saint Benedict,Orders of the monastic tradition",1677-10-16,1.0,1.0,307,significant
8050,https://g17.dhi-roma.it/resources/event_10938,,,Ludovicus Carolus Desme,Ludovici etiam Desme,Desme,Desme,providee,former possessor,1.0,https://g17.dhi-roma.it/resources/institution_332,Lexoviensis,"apostolic provision,papal grace,Administrative office,Holder of a canonship,Defined administrative office,Canonship and prebend,church,Church institutions",,1.0,1.0,84,significant
3878,https://g17.dhi-roma.it/resources/event_16484,,,Iacobi etiam Otherim,Claudius Otherim,Otherim,Otherim,former possessor,providee,1.0,https://g17.dhi-roma.it/resources/institution_111,Bisuntina,"apostolic provision,papal grace,Church institutions,Parish and collegiate church,Pastor,Liturgical office,Administrative office,Undefined administrative office,Holder of a benefice in a church,Holder of a benefice",1622-07-15,1.0,1.0,93,significant
368,https://g17.dhi-roma.it/resources/event_12794,,,Laurentii etiam Bellut,Antonius Bellut,Bellut,Bellut,former possessor,providee,1.0,https://g17.dhi-roma.it/resources/institution_55,Aniciensis,"apostolic provision,papal grace,Rectorship,Liturgical office",1678-04-30,1.0,1.0,132,significant
9526,https://g17.dhi-roma.it/resources/event_1244,,,Petri etiam Van Volden,Alexander Van Volden,Volden,Volden,former possessor,providee,1.0,https://g17.dhi-roma.it/resources/institution_131,Brugensis,"Resignation,Personal reason,apostolic provision,papal grace,Administrative office,Holder of a canonship,Defined administrative office,Canonship and prebend,church,Church institutions",1678-06-06,1.0,1.0,82,significant
4895,https://g17.dhi-roma.it/resources/event_9779,,,Andreas Le Felurer de Leheau,Nicolai etiam Le Feurer de Leheau,Leheau,Leheau,providee,former possessor,1.0,https://g17.dhi-roma.it/resources/institution_455,Pictaviensis,"Placing a commenda,apostolic provision,papal grace,death of previous holder,Personal reason,Prior,Office in a monastery",,1.0,1.0,95,significant
1365,https://g17.dhi-roma.it/resources/event_8693,,,Simon Breschot Junior,Francisci et Breschot,Breschot,Breschot,providee,former possessor,1.0,https://g17.dhi-roma.it/resources/institution_336,Lingonensis,"Placing a commenda,apostolic provision,papal grace,Prior,Office in a monastery,Regular canons,Order of Saint Anthony,With care of souls",1677-12-02,1.0,1.0,55,significant
7990,https://g17.dhi-roma.it/resources/event_2196,,,Philippus Alchonchel,Josephi etiam Alchonchel,Alchonchel,Alchonchel,providee,former possessor,1.0,https://g17.dhi-roma.it/resources/institution_140,Caesaraugustana,"Resignation,Personal reason,apostolic provision,papal grace,Parish Church,Church institutions,Administrative office,Holder of an undefined benefice,Undefined administrative office,Holder of a benefice",1678-08-17,1.0,1.0,31,significant
9361,https://g17.dhi-roma.it/resources/event_9325,,,Joes Cretosseau,Caroli etiam Cretosseau,Cretosseau,Cretosseau,providee,former possessor,1.0,https://g17.dhi-roma.it/resources/institution_589,Turonensis,"apostolic provision,papal grace,Church institutions,Collegiate church,Liturgical office,Curate",1678-01-23,1.0,1.0,81,significant
4004,https://g17.dhi-roma.it/resources/event_15002,,,Nicolai etiam Dumazeau,Joannes Dumazeau,Dumazeau,Dumazeau,former possessor,providee,1.0,https://g17.dhi-roma.it/resources/institution_453,Petrocoricensis,"apostolic provision,papal grace,church,Church institutions",1678-07-01,1.0,1.0,56,significant
6229,https://g17.dhi-roma.it/resources/event_15561,,,Stephani etiam Rocheffort,Franciscus Rocheffort,Rocheffort,Rocheffort,former possessor,providee,1.0,https://g17.dhi-roma.it/resources/institution_192,Claromontensis,"apostolic provision,papal grace,Administrative office,Holder of a canonship,Defined administrative office,Canonship and prebend,Church institutions,Collegiate church",1678-07-08,1.0,1.0,70,significant
6214,https://g17.dhi-roma.it/resources/event_9105,,,Michaelis etiam Gaussen,Michael Gaussen junior,Gaussen,Gaussen,former possessor,providee,1.0,https://g17.dhi-roma.it/resources/institution_133,Burdegalensis,"Resignation,Personal reason,apostolic provision,papal grace,Rectorship,Liturgical office",1677-12-26,1.0,1.0,188,significant
1380,https://g17.dhi-roma.it/resources/event_15794,,,Leonardi etiam de Chevriers seu Chevrieres,Alexander de Chevriers seu Chevrieres,Chevrieres,Chevrieres,former possessor,providee,1.0,https://g17.dhi-roma.it/resources/institution_364,Matisconensis,"apostolic provision,papal grace,Treasurer,Administrative office,Defined administrative office,Undefined administrative office,Holder of a dignity",,1.0,1.0,135,significant
5358,https://g17.dhi-roma.it/resources/event_153,,,Alexius Oliverii,Jois Baptistae etiam Oliverii,Oliverii,Oliverii,providee,former possessor,1.0,https://g17.dhi-roma.it/resources/institution_423,Nucerina,"Resignation,Personal reason,apostolic provision,papal grace,Administrative office,Holder of an undefined benefice,Undefined administrative office,Holder of a benefice",1678-09-02,1.0,1.0,136,significant
7942,https://g17.dhi-roma.it/resources/event_16219,,,Antonius Voiller,Guilellmi etiam Voiller,Voiller,Voiller,providee,former possessor,1.0,https://g17.dhi-roma.it/resources/institution_445,Parisiensis,"Placing a commenda,apostolic provision,papal grace,Prior,Office in a monastery,Order of Saint Benedict,Orders of the monastic tradition",1677-11-20,1.0,1.0,339,significant
6150,https://g17.dhi-roma.it/resources/event_154,,,Jois Baptistae etiam Oliverii,Alexius Oliverii,Oliverii,Oliverii,former possessor,providee,1.0,https://g17.dhi-roma.it/resources/institution_423,Nucerina,"Resignation,Personal reason,apostolic provision,papal grace,Administrative office,Holder of an undefined benefice,Undefined administrative office,Holder of a benefice",1678-09-02,1.0,1.0,136,significant
5560,https://g17.dhi-roma.it/resources/event_14692,,,Petri etiam Falcon,Joannes Franciscus Falcon,Falcon,Falcon,former possessor,providee,1.0,https://g17.dhi-roma.it/resources/institution_570,Tolosana,"apostolic provision,papal grace",1678-06-25,1.0,1.0,153,significant
7854,https://g17.dhi-roma.it/resources/event_2848,,,Dominicus de Ypenca,Hieronimi etiam Ypenca,Ypenca,Ypenca,providee,former possessor,1.0,https://g17.dhi-roma.it/resources/institution_566,Tirasonensis,"Resignation,Personal reason,apostolic provision,papal grace,Parish Church,Church institutions",1622-02-14,1.0,1.0,30,significant
7855,https://g17.dhi-roma.it/resources/event_7404,,,Nicolai etiam Pepin,Jacobus Pepin,Pepin,Pepin,former possessor,providee,1.0,https://g17.dhi-roma.it/resources/institution_495,Rothomagensis,"apostolic provision,papal grace,death of previous holder,Personal reason,Rectorship,Liturgical office",1678-08-04,1.0,1.0,204,significant
1230,https://g17.dhi-roma.it/resources/event_12569,,,Antonius Malaval,Henrici etiam Malaval,Malaval,Malaval,providee,former possessor,1.0,https://g17.dhi-roma.it/resources/institution_381,Mimatensis,"apostolic provision,papal grace,Rectorship,Liturgical office",1678-04-23,1.0,1.0,72,significant
9560,https://g17.dhi-roma.it/resources/event_14865,,,Joannis etiam Dufour,Franciscus Dufour,Dufour,Dufour,former possessor,providee,1.0,https://g17.dhi-roma.it/resources/institution_81,Aturensis,"apostolic provision,papal grace,Administrative office,Holder of a canonship,Defined administrative office,Canonship and prebend,Church institutions,Collegiate church",1678-06-25,1.0,1.0,87,significant
4224,https://g17.dhi-roma.it/resources/event_12375,,,Jacobus Andry,Gerardi etiam Andry,Andry,Andry,providee,former possessor,1.0,https://g17.dhi-roma.it/resources/institution_487,Remensis,"apostolic provision,papal grace,Without care of souls,Pastor,Liturgical office",1678-04-15,1.0,1.0,172,significant
2194,https://g17.dhi-roma.it/resources/event_8187,,,Petrus Boubal,Petri etiam Boubal,Boubal,Boubal,providee,former possessor,1.0,https://g17.dhi-roma.it/resources/institution_115,Bituricensis,"apostolic provision,papal grace,Rectorship,Liturgical office",1677-10-16,1.0,1.0,79,significant
225,https://g17.dhi-roma.it/resources/event_17389,,,Josephus Maille,Antonii etiam Maille,Maille,Maille,providee,former possessor,1.0,https://g17.dhi-roma.it/resources/institution_264,Foroliviensis,"Resignation,Personal reason,apostolic provision,papal grace,Administrative office,Sacristan,Defined administrative office,church,Church institutions",,1.0,1.0,449,significant
1242,https://g17.dhi-roma.it/resources/event_14368,,,Petrus Claudie,Raymundi etiam Claudie,Claudie,Claudie,providee,former possessor,1.0,https://g17.dhi-roma.it/resources/institution_26,Agennensis,"apostolic provision,papal grace,Rectorship,Liturgical office",1678-06-10,1.0,1.0,193,significant
4097,https://g17.dhi-roma.it/resources/event_148,,,Jois Baptistae etiam Oliverii,Alexius Oliverii,Oliverii,Oliverii,former possessor,providee,1.0,https://g17.dhi-roma.it/resources/institution_423,Nucerina,"Resignation,Personal reason,apostolic provision,papal grace,Administrative office,Holder of an undefined benefice,Undefined administrative office,Holder of a benefice",1678-09-02,1.0,1.0,136,significant
5611,https://g17.dhi-roma.it/resources/event_15870,,,Carolus Bernada,Joannis etiam Bernada,Bernada,Bernada,providee,former possessor,1.0,https://g17.dhi-roma.it/resources/institution_670,Vasatensis,"Placing a commenda,apostolic provision,papal grace,Prior,Office in a monastery,Order of Saint Benedict,Orders of the monastic tradition,With care of souls",,1.0,1.0,271,significant
8705,https://g17.dhi-roma.it/resources/event_15597,,,Ludovicus de Sbrayat,Matthei etiam de Sbrayat,Sbrayat,Sbrayat,providee,former possessor,1.0,https://g17.dhi-roma.it/resources/institution_55,Aniciensis,"Placing a commenda,apostolic provision,papal grace,Prior,Office in a monastery,Order of Saint Benedict,Orders of the monastic tradition",1678-07-08,1.0,1.0,71,significant
4951,https://g17.dhi-roma.it/resources/event_10375,,,Carolus le Mayer,Joannis etiam le Mayer,Mayer,Mayer,providee,former possessor,1.0,https://g17.dhi-roma.it/resources/institution_455,Pictaviensis,"apostolic provision,papal grace,church,Church institutions,Administrative office,Undefined administrative office,Holder of a dignity",,1.0,1.0,297,significant
232,https://g17.dhi-roma.it/resources/event_16672,,,Iois etiam Cassan,Ioannes Cassan,Cassan,Cassan,former possessor,providee,1.0,https://g17.dhi-roma.it/resources/institution_211,Convenarum,"apostolic provision,papal grace,Administrative reason,cession,Prior,Office in a monastery,Order of Saint Benedict,Orders of the monastic tradition",1622-11-28,1.0,1.0,255,significant
583,https://g17.dhi-roma.it/resources/event_16150,,,Francisci Petri etiam de la Forest,Franciscus de la Forest,Forest,Forest,former possessor,providee,1.0,https://g17.dhi-roma.it/resources/institution_50,Andegavensis,"Placing a commenda,apostolic provision,papal grace,Prior,Office in a monastery,Order of Saint Benedict,Orders of the monastic tradition",1677-10-23,1.0,1.0,240,significant
7877,https://g17.dhi-roma.it/resources/event_15678,,,Elias Barbot,Joannis etiam Barbot,Barbot,Barbot,providee,former possessor,1.0,https://g17.dhi-roma.it/resources/institution_453,Petrocoricensis,"Placing a commenda,apostolic provision,papal grace,Pastor,Liturgical office,Order of Saint Benedict,Orders of the monastic tradition",,1.0,1.0,198,significant
7897,https://g17.dhi-roma.it/resources/event_8279,,,Stephani etiam comendatarii du Flocquet,Franciscus du Flocquet,Flocquet,Flocquet,former possessor,providee,1.0,https://g17.dhi-roma.it/resources/institution_192,Claromontensis,"Placing a commenda,apostolic provision,papal grace,death of previous holder,Personal reason,Prior,Office in a monastery,Regular canons,Order of Saint Anthony",1677-10-23,1.0,1.0,115,significant
8619,https://g17.dhi-roma.it/resources/event_16633,,,Antonius Lucan,Claudii etiam Lucan,Lucan,Lucan,providee,former possessor,1.0,https://g17.dhi-roma.it/resources/institution_276,Gebennensis,"Resignation,Personal reason,Exchange,Administrative reason,apostolic provision,papal grace,Pastor,Liturgical office,Parish Church,Church institutions",1622-10-31,1.0,1.0,164,significant
6252,https://g17.dhi-roma.it/resources/event_2384,,,Francisco etiam Genoud,Antonius Genoud,Genoud,Genoud,former possessor,providee,1.0,https://g17.dhi-roma.it/resources/institution_547,Suessionensis,"Resignation,Personal reason,apostolic provision,papal grace,Administrative reason,Mistake,Order of Cluny,Orders of the monastic tradition,Prior,Office in a monastery,Priory,Monastic institutions",1678-04-26,1.0,1.0,71,significant
9580,https://g17.dhi-roma.it/resources/event_8843,,,Jacobi etiam Riqueur,Jacobus Riqueur,Riqueur,Riqueur,former possessor,providee,1.0,https://g17.dhi-roma.it/resources/institution_501,Sagiensis,"apostolic provision,papal grace,Administrative office,Holder of a canonship,Defined administrative office,Canonship and prebend,church,Church institutions",1677-12-05,1.0,1.0,123,significant
7946,https://g17.dhi-roma.it/resources/event_2658,,,Francisci etiam Garnier,Joannes Garnier,Garnier,Garnier,former possessor,providee,1.0,https://g17.dhi-roma.it/resources/institution_589,Turonensis,"Placing a commenda,apostolic provision,papal grace,Prior,Office in a monastery,Order of Saint Benedict,Orders of the monastic tradition",1678-07-08,1.0,1.0,421,significant
301,https://g17.dhi-roma.it/resources/event_15908,,,Franciscae etiam e Crequy,Catharina Seraphina de Crequy,Crequy,Crequy,former possessor,providee,1.0,https://g17.dhi-roma.it/resources/institution_241,Eburovicensis,"Resignation,Personal reason,apostolic provision,papal grace,Order of Saint Benedict,Orders of the monastic tradition,Office in a monastery,Abbot",1678-08-04,1.0,1.0,48,significant
638,https://g17.dhi-roma.it/resources/event_10352,,,Ioannes etiam de Beaulieu,Leononius de Beaulieu,Beaulieu,Beaulieu,former possessor,providee,1.0,https://g17.dhi-roma.it/resources/institution_445,Parisiensis,"Placing a commenda,apostolic provision,papal grace,Office in a monastery,Head of the monastery",1678-03-12,1.0,1.0,129,significant
8131,https://g17.dhi-roma.it/resources/event_1487,,,Francisci etiam Rasponi,Camillus Rasponi,Rasponi,Rasponi,former possessor,providee,1.0,https://g17.dhi-roma.it/resources/institution_392,Montis Alti/Montisalti,"Resignation,Personal reason,apostolic provision,papal grace",1678-07-21,1.0,1.0,151,significant
9557,https://g17.dhi-roma.it/resources/event_15970,,,christophori etiam le Mercier,Jacobus Le Mercier,Mercier,Mercier,former possessor,providee,1.0,https://g17.dhi-roma.it/resources/institution_127,Briocensis,"Placing a commenda,apostolic provision,papal grace,Administrative reason,cession,Prior,Office in a monastery,Order of Saint Benedict,Orders of the monastic tradition",1678-08-09,1.0,1.0,281,significant
5407,https://g17.dhi-roma.it/resources/event_9331,,,Francisci etiam Rimbaud,Petrus Rimbaud,Rimbaud,Rimbaud,former possessor,providee,1.0,https://g17.dhi-roma.it/resources/institution_404,Narbonensis,"apostolic provision,papal grace,Without care of souls,Administrative office,Holder of a canonship,Defined administrative office,Prebendary,Pastor,Liturgical office,Church in a monastery,Monastic institutions",1678-01-15,1.0,1.0,122,significant
3302,https://g17.dhi-roma.it/resources/event_13484,,,Ludovicus Neret,Joannis etiam Neret,Neret,Neret,providee,former possessor,1.0,https://g17.dhi-roma.it/resources/institution_157,Carcassonensis,"apostolic provision,papal grace,Rectorship,Liturgical office",,1.0,1.0,307,significant
7965,https://g17.dhi-roma.it/resources/event_7979,,,Joannis iacobi etiam de Sequy seu de Seguy,Jacobus de Sequy seu de Seguy,Seguy,Seguy,former possessor,providee,1.0,https://g17.dhi-roma.it/resources/institution_139,Cadurcensis,"apostolic provision,papal grace,death of previous holder,Personal reason,Prior,Office in a monastery",1677-12-26,1.0,1.0,46,significant
3394,https://g17.dhi-roma.it/resources/event_4221,,,Joannes Matheus Junior,Joannis etiam Matheus Senioris,Matheus,Matheus,providee,current possessor,1.0,https://g17.dhi-roma.it/resources/institution_187,Civitatensis Provinciae Compostellani,"apostolic provision,papal grace,Reservation of a pension,Rectorship,Liturgical office",,1.0,1.0,229,significant
4676,https://g17.dhi-roma.it/resources/event_14989,,,Franciscus Bernard,Joannis etiam Bernard,Bernard,Bernard,providee,former possessor,1.0,https://g17.dhi-roma.it/resources/institution_699,Aquensis in Provincie,"Resignation,Personal reason,apostolic provision,papal grace,Prior,Office in a monastery",1678-07-01,1.0,1.0,370,significant
4927,https://g17.dhi-roma.it/resources/event_13336,,,Franciscus Barillot,Franciscus etiam Barillot,Barillot,Barillot,providee,former possessor,1.0,https://g17.dhi-roma.it/resources/institution_336,Lingonensis,"apostolic provision,papal grace,Administrative office,Holder of a canonship,Defined administrative office,Canonship and prebend,church,Church institutions",1678-05-20,1.0,1.0,305,significant
3446,https://g17.dhi-roma.it/resources/event_16046,,,Nicolai etiam Pepin,Jacobus Pepin,Pepin,Pepin,former possessor,providee,1.0,https://g17.dhi-roma.it/resources/institution_495,Rothomagensis,"apostolic provision,papal grace,death of previous holder,Personal reason,Rectorship,Liturgical office",1678-08-12,1.0,1.0,204,significant
4054,https://g17.dhi-roma.it/resources/event_8575,,,Jacobi etiam Murat,Hilarius Murat,Murat,Murat,former possessor,providee,1.0,https://g17.dhi-roma.it/resources/institution_570,Tolosana,"apostolic provision,papal grace,Hebdomadarian,Administrative office,Defined administrative office,Church institutions,Collegiate church,Holder of an undefined benefice,Undefined administrative office,Holder of a benefice",1677-11-20,1.0,1.0,234,significant
2098,https://g17.dhi-roma.it/resources/event_8804,,,Antonius le Berthon Junior,Joannis etiam le Berthon Seniors,Berthon,Berthon,providee,former possessor,1.0,https://g17.dhi-roma.it/resources/institution_455,Pictaviensis,"Resignation,Personal reason,apostolic provision,papal grace,Pastor,Liturgical office,Church institutions,Collegiate church",1677-12-05,1.0,1.0,274,significant
521,https://g17.dhi-roma.it/resources/event_15706,,,Antonii etiam Benne,Gerardus Benne,Benne,Benne,former possessor,providee,1.0,https://g17.dhi-roma.it/resources/institution_521,Sarlatensis,"apostolic provision,papal grace,Rectorship,Liturgical office",,1.0,1.0,167,significant
552,https://g17.dhi-roma.it/resources/event_15966,,,Petrus Charton,Francisci etiam Charton,Charton,Charton,providee,former possessor,1.0,https://g17.dhi-roma.it/resources/institution_85,Aurelianensis,"apostolic provision,papal grace,Without care of souls,Pastor,Liturgical office",1678-08-05,1.0,1.0,311,significant
279,https://g17.dhi-roma.it/resources/event_9606,,,Franciscus Radigues,Petri etiam Radigues,Radigues,Radigues,providee,former possessor,1.0,https://g17.dhi-roma.it/resources/institution_403,Nannetensis,"Placing a commenda,apostolic provision,papal grace,Administrative reason,cession,Prior,Office in a monastery",1678-01-30,1.0,1.0,200,significant
8633,https://g17.dhi-roma.it/resources/event_8578,,,Guillelmus Destadeus,Joannis etiam Destadeus,Destadeus,Destadeus,providee,former possessor,1.0,https://g17.dhi-roma.it/resources/institution_209,Conseranensis,"apostolic provision,papal grace,church,Church institutions,Precentor,Liturgical office",1677-11-20,1.0,1.0,90,significant
5374,https://g17.dhi-roma.it/resources/event_17004,,,Samuelis etiam dela Nanne,Elras dela Nanne,Nanne,Nanne,former possessor,providee,1.0,https://g17.dhi-roma.it/resources/institution_547,Suessionensis,"apostolic provision,papal grace",1622-02-26,1.0,1.0,173,significant
2200,https://g17.dhi-roma.it/resources/event_151,,,Alexius Oliverii,Jois Baptistae etiam Oliverii,Oliverii,Oliverii,providee,former possessor,1.0,https://g17.dhi-roma.it/resources/institution_423,Nucerina,"Resignation,Personal reason,apostolic provision,papal grace,Administrative office,Holder of an undefined benefice,Undefined administrative office,Holder of a benefice",1678-09-02,1.0,1.0,136,significant
1114,https://g17.dhi-roma.it/resources/event_13254,,,Bernardus Escalarosse,Raymundi etiam Escalarosse,Escalarosse,Escalarosse,providee,former possessor,1.0,https://g17.dhi-roma.it/resources/institution_552,Tarbiensis,"apostolic provision,papal grace,Monastery,Monastic institutions,Order of Saint Benedict,Orders of the monastic tradition",,1.0,1.0,50,significant
6171,https://g17.dhi-roma.it/resources/event_15601,,,Petri etiam Gautier,Petrus Gautier,Gautier,Gautier,former possessor,providee,1.0,https://g17.dhi-roma.it/resources/institution_610,Vapincensis,"apostolic provision,papal grace,Administrative office,Holder of a canonship,Defined administrative office,Canonship and prebend,church,Church institutions",1678-07-08,1.0,1.0,314,significant
6233,https://g17.dhi-roma.it/resources/event_13667,,,Dionisius le Raquerel,Joannis etiam Le Raquerel,Raquerel,Raquerel,providee,former possessor,1.0,https://g17.dhi-roma.it/resources/institution_94,Baiocensis,"apostolic provision,papal grace,Rectorship,Liturgical office",,1.0,1.0,131,significant
554,https://g17.dhi-roma.it/resources/event_15647,,,Julii Pauli etiam de Cohor,Anthimes Dionisius de Cohor,Cohor,Cohor,former possessor,providee,1.0,https://g17.dhi-roma.it/resources/institution_532,Senonensis,"Placing a commenda,apostolic provision,papal grace,Administrative reason,cession,Prior,Office in a monastery,Order of Saint Benedict,Orders of the monastic tradition",1678-07-15,1.0,1.0,87,significant
1420,https://g17.dhi-roma.it/resources/event_1689,,,Francisci Barbosa etiam Cabral,Didacus Ferreyra Cabral,Cabral,Cabral,former possessor,providee,1.0,https://g17.dhi-roma.it/resources/institution_469,Portugallensis,"Resignation,Personal reason,apostolic provision,papal grace,Parish Church,Church institutions,Archdeacon,Liturgical office",1678-06-01,1.0,1.0,231,significant
1308,https://g17.dhi-roma.it/resources/event_15750,,,Joannis etiam Soutrac,Franciscus Soutrac,Soutrac,Soutrac,former possessor,providee,1.0,https://g17.dhi-roma.it/resources/institution_133,Burdegalensis,"Resignation,Personal reason,apostolic provision,papal grace,Administrative office,Holder of a canonship,Defined administrative office,Canonship and prebend,Church institutions,Collegiate church",,1.0,1.0,50,significant
2088,https://g17.dhi-roma.it/resources/event_8798,,,Mathurini etiam Dupin,Ludovicus Dupin,Dupin,Dupin,former possessor,providee,1.0,https://g17.dhi-roma.it/resources/institution_50,Andegavensis,"apostolic provision,papal grace,Rectorship,Liturgical office",1677-12-12,1.0,1.0,188,significant
1979,https://g17.dhi-roma.it/resources/event_14273,,,Joannis etiam de Tholozarii de Lassesquieres,Germanus Tholozarii de Lassesquiere,Lassesquieres,Lassesquiere,former possessor,providee,0.96,https://g17.dhi-roma.it/resources/institution_386,Mirapicensis,"apostolic provision,papal grace,Prior,Office in a monastery",1678-06-03,1.0,0.96,52,significant
3290,https://g17.dhi-roma.it/resources/event_1518,,,Joannis etiam Lopez de Ationiveros,Lopez de Atoniveros,Ationiveros,Atoniveros,current possessor,providee,0.9523809523809522,https://g17.dhi-roma.it/resources/institution_176,Cauriensis,"apostolic provision,papal grace,Reservation of a pension,Administrative office,Sexton,Defined administrative office,Parish Church,Church institutions",1678-01-12,1.0,0.9523809523809522,76,significant
1698,https://g17.dhi-roma.it/resources/event_1517,,,Joannis etiam Lopez de Ationiveros,Stephani Lopez de Atoniveros,Ationiveros,Atoniveros,current possessor,former possessor,0.9523809523809522,https://g17.dhi-roma.it/resources/institution_176,Cauriensis,"Resignation,Personal reason,apostolic provision,papal grace,Administrative office,Sexton,Defined administrative office,Parish Church,Church institutions",1678-01-12,1.0,0.9523809523809522,76,significant
5789,https://g17.dhi-roma.it/resources/event_1519,,,Lopez de Atoniveros,Joannis etiam Lopez de Ationiveros,Atoniveros,Ationiveros,providee,current possessor,0.9523809523809522,https://g17.dhi-roma.it/resources/institution_176,Cauriensis,"apostolic provision,papal grace,Reservation of a pension,Administrative office,Sexton,Defined administrative office,Parish Church,Church institutions",1678-01-12,1.0,0.9523809523809522,86,significant
7455,https://g17.dhi-roma.it/resources/event_14171,,,Alexandri etiam de Chambertat,Alexander de Chamertat,Chambertat,Chamertat,former possessor,providee,0.9473684210526316,https://g17.dhi-roma.it/resources/institution_192,Claromontensis,"apostolic provision,papal grace,Prior,Office in a monastery,Order of Saint Benedict,Orders of the monastic tradition",,1.0,0.9473684210526316,127,significant
9314,https://g17.dhi-roma.it/resources/event_13368,,,Caroli etiam le Boullenge,Franciscus le Boullenger,Boullenge,Boullenger,former possessor,providee,0.9473684210526316,https://g17.dhi-roma.it/resources/institution_241,Eburovicensis,"apostolic provision,papal grace,Rectorship,Liturgical office",,1.0,0.9473684210526316,63,significant
2569,https://g17.dhi-roma.it/resources/event_9979,,,Joannes Soureville,Josephi etiam Soureille,Soureville,Soureille,providee,former possessor,0.9473684210526316,https://g17.dhi-roma.it/resources/institution_90,Auxitana,"apostolic provision,papal grace,Administrative office,Holder of a canonship,Defined administrative office,Canonship and prebend,Church institutions,Collegiate church",,1.0,0.9473684210526316,148,significant
8353,https://g17.dhi-roma.it/resources/event_13691,,,Dionisius Baucheton,Francisci etiam Bauccheton,Baucheton,Bauccheton,providee,former possessor,0.9473684210526316,https://g17.dhi-roma.it/resources/institution_115,Bituricensis,"apostolic provision,papal grace,Administrative office,Holder of a canonship,Defined administrative office,Canonship and prebend,Church institutions,Collegiate church",,1.0,0.9473684210526316,116,significant
4757,https://g17.dhi-roma.it/resources/event_12299,,,Ludovicus de Reriminiac,Renati Hiacinthi etiam de Rerminiac,Reriminiac,Rerminiac,providee,former possessor,0.9473684210526316,https://g17.dhi-roma.it/resources/institution_620,Venetensis,"Resignation,Personal reason,apostolic provision,papal grace,Administrative office,Holder of a canonship,Defined administrative office,Canonship and prebend,church,Church institutions",,1.0,0.9473684210526316,32,significant
2843,https://g17.dhi-roma.it/resources/event_9832,,,Joannis etiam Dommergne,Joannes Dommerne,Dommergne,Dommerne,former possessor,providee,0.9411764705882352,https://g17.dhi-roma.it/resources/institution_81,Aturensis,"apostolic provision,papal grace,Rectorship,Liturgical office",1678-02-13,1.0,0.9411764705882352,44,significant
379,https://g17.dhi-roma.it/resources/event_1613,,,Fruchiosus Gareis Mosqueras,Dominici etiam Gareia Mosquera,Mosqueras,Mosquera,providee,former possessor,0.9411764705882352,https://g17.dhi-roma.it/resources/institution_203,Compostellana,"Resignation,Personal reason,apostolic provision,papal grace,Rectorship,Liturgical office,Parish Church,Church institutions",1678-04-18,1.0,0.9411764705882352,85,significant
9702,https://g17.dhi-roma.it/resources/event_16024,,,Geraldus Vergnies,Joannis etiam Vergnis,Vergnies,Vergnis,providee,former possessor,0.9333333333333332,https://g17.dhi-roma.it/resources/institution_57,Appamiensis / Appamiarum,"apostolic provision,papal grace,Rectorship,Liturgical office",1678-08-12,1.0,0.9333333333333332,177,significant
2796,https://g17.dhi-roma.it/resources/event_9487,,,Stephani Claudii etiam Laborie,Jacobus Paulius Laborier,Laborie,Laborier,former possessor,providee,0.9333333333333332,https://g17.dhi-roma.it/resources/institution_501,Sagiensis,"Placing a commenda,apostolic provision,papal grace,Prior,Office in a monastery",,1.0,0.9333333333333332,249,significant
1741,https://g17.dhi-roma.it/resources/event_12754,,,Samson Le Jomble,Michaelis etiam Le Jombler,Jomble,Jombler,providee,former possessor,0.923076923076923,https://g17.dhi-roma.it/resources/institution_181,Cenomanensis,"apostolic provision,papal grace,Rectorship,Liturgical office",1678-04-23,1.0,0.923076923076923,64,significant
1038,https://g17.dhi-roma.it/resources/event_9567,,,Petri etiam Prache,Carolus Prache seu Perache,Prache,Perache,former possessor,providee,0.923076923076923,https://g17.dhi-roma.it/resources/institution_709,Noviomensis,"apostolic provision,papal grace,Pastor,Liturgical office,Church institutions,Chapel",1678-01-08,1.0,0.923076923076923,204,significant
8566,https://g17.dhi-roma.it/resources/event_3274,,,Bartholomeus Damiani,Theodori etiam Damian,Damiani,Damian,providee,former possessor,0.923076923076923,https://g17.dhi-roma.it/resources/institution_356,Marianensis,"apostolic provision,papal grace,death of previous holder,Personal reason,Rectorship,Liturgical office",1677-11-06,1.0,0.923076923076923,194,significant
883,https://g17.dhi-roma.it/resources/event_1543,,,Lucas de Liegros,Joannis etiam de Liegos,Liegros,Liegos,providee,current possessor,0.923076923076923,https://g17.dhi-roma.it/resources/institution_324,Legionensis,"apostolic provision,papal grace,Rectorship,Liturgical office,Parish Church,Church institutions",1678-08-24,1.0,0.923076923076923,90,significant
8221,https://g17.dhi-roma.it/resources/event_9931,,,Petri etiam Derupe,Petrus Deruope,Derupe,Deruope,former possessor,providee,0.923076923076923,https://g17.dhi-roma.it/resources/institution_1089,castrensis provincia bituricensis,"apostolic provision,papal grace,Without care of souls,Parish Church,Church institutions",,1.0,0.923076923076923,80,significant
4088,https://g17.dhi-roma.it/resources/event_12313,,,Bartholomei etiam Gayer,Petrus Grayer,Gayer,Grayer,former possessor,providee,0.9090909090909091,https://g17.dhi-roma.it/resources/institution_327,Lemovicensis,"apostolic provision,papal grace,Without care of souls,Pastor,Liturgical office,Order of Saint Benedict,Orders of the monastic tradition,Church in a monastery,Monastic institutions",,1.0,0.9090909090909091,229,significant
7494,https://g17.dhi-roma.it/resources/event_2199,,,Franciscus Sergio,Fabii etiam Sergi,Sergio,Sergi,providee,former possessor,0.9090909090909091,https://g17.dhi-roma.it/resources/institution_379,Miletensis,"Resignation,Personal reason,apostolic provision,papal grace",1678-08-27,1.0,0.9090909090909091,116,significant
4259,https://g17.dhi-roma.it/resources/event_9760,,,Petrus Foyer,Andrea etiam Froyer,Foyer,Froyer,providee,former possessor,0.9090909090909091,https://g17.dhi-roma.it/resources/institution_50,Andegavensis,"apostolic provision,papal grace,Rectorship,Liturgical office",,1.0,0.9090909090909091,153,significant
6746,https://g17.dhi-roma.it/resources/event_2200,,,Franciscus Sergio,Fabii etiam Sergi,Sergio,Sergi,providee,former possessor,0.9090909090909091,https://g17.dhi-roma.it/resources/institution_379,Miletensis,"Resignation,Personal reason,apostolic provision,papal grace",1678-08-27,1.0,0.9090909090909091,116,significant
2705,https://g17.dhi-roma.it/resources/event_14861,,,Caroli etiam Esteve,David Steve,Esteve,Steve,former possessor,providee,0.9090909090909091,https://g17.dhi-roma.it/resources/institution_453,Petrocoricensis,"apostolic provision,papal grace,Administrative office,Holder of a canonship,Defined administrative office,Canonship and prebend,Church institutions,Collegiate church",1678-06-25,1.0,0.9090909090909091,58,significant
990,https://g17.dhi-roma.it/resources/event_8415,,,Claudii etiam Desuarennel,Hieronimus Desuarennes,Desuarennel,Desuarennes,former possessor,providee,0.9090909090909091,https://g17.dhi-roma.it/resources/institution_138,Cabilonensis,"apostolic provision,papal grace,Rectorship,Liturgical office",1677-11-07,1.0,0.9090909090909091,34,significant
6935,https://g17.dhi-roma.it/resources/event_13499,,,Franciscus de Sallenave,Arnaldi etiam de Salbenave,Sallenave,Salbenave,providee,former possessor,0.8888888888888888,https://g17.dhi-roma.it/resources/institution_94,Baiocensis,"Resignation,Personal reason,apostolic provision,papal grace,Rectorship,Liturgical office",1678-05-20,1.0,0.8888888888888888,55,significant
5537,https://g17.dhi-roma.it/resources/event_12180,,,Francisci etiam de Haly,Nicolaus de Hally,Haly,Hally,former possessor,providee,0.8888888888888888,https://g17.dhi-roma.it/resources/institution_1089,castrensis provincia bituricensis,"apostolic provision,papal grace,Administrative office,Holder of a canonship,Defined administrative office,Canonship and prebend,church,Church institutions",1678-04-02,1.0,0.8888888888888888,101,significant
1445,https://g17.dhi-roma.it/resources/event_8179,,,Thomas etiam Clocquet,Joannes Clacquet,Clocquet,Clacquet,former possessor,providee,0.875,https://g17.dhi-roma.it/resources/institution_172,Catalaunensis,"Resignation,Personal reason,apostolic provision,papal grace,Without care of souls,Pastor,Liturgical office,Church institutions,Major church",1677-10-16,1.0,0.875,131,significant
6040,https://g17.dhi-roma.it/resources/event_8180,,,Joannes Clacquet,Thomas etiam Clocquet,Clacquet,Clocquet,providee,former possessor,0.875,https://g17.dhi-roma.it/resources/institution_172,Catalaunensis,"Resignation,Personal reason,apostolic provision,papal grace,Without care of souls,Pastor,Liturgical office,Parish Church,Church institutions",1677-10-16,1.0,0.875,135,significant
9780,https://g17.dhi-roma.it/resources/event_13202,,,Guillelmus Sosbourg,Jacobi etiam Sisbourg,Sosbourg,Sisbourg,providee,former possessor,0.875,https://g17.dhi-roma.it/resources/institution_620,Venetensis,"Resignation,Personal reason,apostolic provision,papal grace,church,Church institutions,Treasurer,Administrative office,Defined administrative office",,1.0,0.875,21,significant
9496,https://g17.dhi-roma.it/resources/event_13201,,,Guillelmus Sosbourg,Jacobi etiam Sisbourg,Sosbourg,Sisbourg,providee,former possessor,0.875,https://g17.dhi-roma.it/resources/institution_620,Venetensis,"Resignation,Personal reason,apostolic provision,papal grace,Administrative office,Holder of a canonship,Defined administrative office,Canonship and prebend,church,Church institutions",,1.0,0.875,21,significant
2498,https://g17.dhi-roma.it/resources/event_10796,,,Francisci etiam de Salagnar de la Mothe Fenelon,Franciscus de Salagnar de la Mothe Feneloy junior,Fenelon,Feneloy,former possessor,providee,0.8571428571428572,https://g17.dhi-roma.it/resources/institution_139,Cadurcensis,"Placing a commenda,apostolic provision,papal grace",1678-04-02,1.0,0.8571428571428572,60,significant
4063,https://g17.dhi-roma.it/resources/event_17043,,,Henrici etiam Leberge,Petrus Liberge,Leberge,Liberge,former possessor,providee,0.8571428571428572,https://g17.dhi-roma.it/resources/institution_332,Lexoviensis,"apostolic provision,papal grace",,1.0,0.8571428571428572,123,significant
730,https://g17.dhi-roma.it/resources/event_14867,,,Nicolai etiam Dumazeau seu de Mazeau,Franciscus Dumazeau,Mazeau,Dumazeau,former possessor,providee,0.8571428571428572,https://g17.dhi-roma.it/resources/institution_453,Petrocoricensis,"apostolic provision,papal grace,Rectorship,Liturgical office",1678-06-25,1.0,0.8571428571428572,172,significant
3443,https://g17.dhi-roma.it/resources/event_13492,,,Antonius Bremond,Claudii etiam Premond,Bremond,Premond,providee,former possessor,0.8571428571428572,https://g17.dhi-roma.it/resources/institution_235,Diensis,"Resignation,Personal reason,apostolic provision,papal grace,Rectorship,Liturgical office",1678-05-20,1.0,0.8571428571428572,129,significant
8653,https://g17.dhi-roma.it/resources/event_411,,,Flaminius etiam Nobili,Antonius Dominicus Nobila,Nobili,Nobila,former possessor,providee,0.8333333333333335,https://g17.dhi-roma.it/resources/institution_344,Lucana,"Resignation,Personal reason,apostolic provision,papal grace,Pastor,Liturgical office",1678-08-27,1.0,0.8333333333333335,113,significant
2740,https://g17.dhi-roma.it/resources/event_8395,,,Joannes Martin,Petri etiam de Martii,Martin,Martii,providee,former possessor,0.8333333333333335,https://g17.dhi-roma.it/resources/institution_250,Engolismensis,"apostolic provision,papal grace,Administrative office,Holder of a canonship,Defined administrative office,Canonship and prebend,Church institutions,Collegiate church",1677-11-07,1.0,0.8333333333333335,619,significant
1603,https://g17.dhi-roma.it/resources/event_14282,,,Francisci etiam Rigaud,Andreas Rugaud,Rigaud,Rugaud,former possessor,providee,0.8333333333333335,https://g17.dhi-roma.it/resources/institution_192,Claromontensis,"apostolic provision,papal grace,death of previous holder,Personal reason,Rectorship,Liturgical office",1678-06-03,1.0,0.8333333333333335,169,significant
466,https://g17.dhi-roma.it/resources/event_15587,,,Bartholomeus Graef vel Grach,Bartholomei etiam Grach seu Garauch,Grach,Garauch,providee,former possessor,0.8333333333333335,https://g17.dhi-roma.it/resources/institution_168,Castrensis,"apostolic provision,papal grace,Rectorship,Liturgical office",1678-07-08,1.0,0.8333333333333335,123,significant
6682,https://g17.dhi-roma.it/resources/event_15758,,,Catharina Seraphina de Crequy,Francisce etiam de Crequs,Crequy,Crequs,providee,former possessor,0.8333333333333335,https://g17.dhi-roma.it/resources/institution_241,Eburovicensis,"apostolic provision,papal grace,Monastery,Monastic institutions,Order of Saint Benedict,Orders of the monastic tradition,Office in a monastery,Abbot",,1.0,0.8333333333333335,48,significant
8200,https://g17.dhi-roma.it/resources/event_410,,,Flaminius etiam Nobili,Antonius Dominicus Nobila,Nobili,Nobila,former possessor,providee,0.8333333333333335,https://g17.dhi-roma.it/resources/institution_344,Lucana,"Resignation,Personal reason,apostolic provision,papal grace,Pastor,Liturgical office",1678-08-27,1.0,0.8333333333333335,113,significant
3875,https://g17.dhi-roma.it/resources/event_13477,,,Joannis etiam Carret,Franciscus Garret,Carret,Garret,former possessor,providee,0.8333333333333335,https://g17.dhi-roma.it/resources/institution_349,Lugdunensis,"apostolic provision,papal grace,Rectorship,Liturgical office",1678-05-20,1.0,0.8333333333333335,294,significant
8755,https://g17.dhi-roma.it/resources/event_15709,,,Laurentius du Bouxia,Francisci etiam de Bouxic,Bouxia,Bouxic,providee,former possessor,0.8333333333333335,https://g17.dhi-roma.it/resources/institution_216,Corisopitensis,"Resignation,Personal reason,apostolic provision,papal grace,Administrative office,Holder of a canonship,Defined administrative office,Canonship and prebend,church,Church institutions",,1.0,0.8333333333333335,97,significant
3616,https://g17.dhi-roma.it/resources/event_1422,,,Petrus Paulus Calciatus,Hieronymi etiam Calciati,Calciatus,Calciati,providee,former possessor,0.8235294117647058,https://g17.dhi-roma.it/resources/institution_460,Placentina provinciae Bononiensis,"apostolic provision,papal grace,Archpriest,Liturgical office,Rectorship",1678-08-19,1.0,0.8235294117647058,235,significant
3887,https://g17.dhi-roma.it/resources/event_4189,,,Joannes Juneronus Junior,Joannis etiam Juneroni Senioris,Juneronus,Juneroni,providee,former possessor,0.8235294117647058,https://g17.dhi-roma.it/resources/institution_1018,Casalensis,"Resignation,Personal reason,apostolic provision,papal grace,Without care of souls",1622-12-01,1.0,0.8235294117647058,69,significant
5551,https://g17.dhi-roma.it/resources/event_14238,,,Petri etiam Cabricos,Antonius Cabrieros,Cabricos,Cabrieros,former possessor,providee,0.8235294117647058,https://g17.dhi-roma.it/resources/institution_499,Ruthenensis,"apostolic provision,papal grace,Rectorship,Liturgical office",1678-06-03,1.0,0.8235294117647058,171,significant
4714,https://g17.dhi-roma.it/resources/event_10945,,,Jacobus des Friches Junior,Jacobi etiam Desfriches Senioris,Friches,Desfriches,providee,former possessor,0.8235294117647058,https://g17.dhi-roma.it/resources/institution_115,Bituricensis,"Placing a commenda,apostolic provision,papal grace,Prior,Office in a monastery,Regular canons,Order of Saint Anthony",,1.0,0.8235294117647058,127,significant
3771,https://g17.dhi-roma.it/resources/event_1722,,,Jacobi etiam Raymundi,Hippolitus Raymundus,Raymundi,Raymundus,former possessor,providee,0.8235294117647058,https://g17.dhi-roma.it/resources/institution_486,Regiensis,"apostolic provision,papal grace,death of previous holder,Personal reason,church,Church institutions,Administrative office,Holder of an undefined benefice,Undefined administrative office,Holder of a benefice",1622-11-28,1.0,0.8235294117647058,88,significant
756,https://g17.dhi-roma.it/resources/event_14932,,,Nicolaus Du Mont,Jacobi etiam Dumont,Mont,Dumont,providee,former possessor,0.8,https://g17.dhi-roma.it/resources/institution_94,Baiocensis,"apostolic provision,papal grace,Without care of souls,Pastor,Liturgical office",1678-06-25,1.0,0.8,397,significant
2328,https://g17.dhi-roma.it/resources/event_14373,,,Hubertus de Morcy,Petri etiam de Mocus seu de Morey,Morcy,Morey,providee,former possessor,0.8,https://g17.dhi-roma.it/resources/institution_243,Augustodunensis,"Placing a commenda,apostolic provision,papal grace,Prior,Office in a monastery",1678-06-10,1.0,0.8,75,significant
822,https://g17.dhi-roma.it/resources/event_1240,,,Paulus Bambinus,Joannis Baptistae etiam Bambini,Bambinus,Bambini,providee,former possessor,0.8,https://g17.dhi-roma.it/resources/institution_714,Fanensis,"Resignation,Personal reason,apostolic provision,papal grace,church,Church institutions,Archdeacon,Liturgical office",1678-08-13,1.0,0.8,255,significant
7540,https://g17.dhi-roma.it/resources/event_731,,,Francisci etiam Sormani,Laurentius Sormanus,Sormani,Sormanus,former possessor,providee,0.8,https://g17.dhi-roma.it/resources/institution_369,Mediolanensis,"Resignation,Personal reason,apostolic provision,papal grace,Administrative office,Holder of an undefined benefice,Undefined administrative office,Holder of a benefice",1678-09-01,1.0,0.8,206,significant
6011,https://g17.dhi-roma.it/resources/event_1579,,,Nicolaus Baldinus,Joannis etiam Baldini,Baldinus,Baldini,providee,former possessor,0.8,https://g17.dhi-roma.it/resources/institution_423,Nucerina,"Resignation,Personal reason,apostolic provision,papal grace,Rectorship,Liturgical office,Parish Church,Church institutions",1678-09-17,1.0,0.8,430,significant
1286,https://g17.dhi-roma.it/resources/event_1434,,,Jacobi Antonii etiam Mongini,Josephus Maria Monginus,Mongini,Monginus,former possessor,providee,0.8,https://g17.dhi-roma.it/resources/institution_557,Terdonensis,"Resignation,Personal reason,apostolic provision,papal grace,church,Church institutions,Administrative office,Holder of an undefined benefice,Undefined administrative office,Holder of a benefice",1678-08-04,1.0,0.8,182,significant
2044,https://g17.dhi-roma.it/resources/event_8461,,,Nicolai etiam Carciere,Jacobus Carrier,Carciere,Carrier,former possessor,providee,0.8,https://g17.dhi-roma.it/resources/institution_499,Ruthenensis,"apostolic provision,papal grace,Prior,Office in a monastery",1677-11-13,1.0,0.8,272,significant
4239,https://g17.dhi-roma.it/resources/event_16250,,,Joannes Felix de Leris,Antonii etiam de Leril,Leris,Leril,providee,former possessor,0.8,https://g17.dhi-roma.it/resources/institution_499,Ruthenensis,"apostolic provision,papal grace,Prior,Office in a monastery",1677-12-12,1.0,0.8,464,significant
3950,https://g17.dhi-roma.it/resources/event_16251,,,Antonii etiam de Leril,Joannes Felix de Leris,Leril,Leris,former possessor,providee,0.8,https://g17.dhi-roma.it/resources/institution_499,Ruthenensis,"apostolic provision,papal grace,Without care of souls,Pastor,Liturgical office",1677-12-12,1.0,0.8,259,significant
8543,https://g17.dhi-roma.it/resources/event_8460,,,Nicolai etiam Carciere,Jacobus Carrier,Carciere,Carrier,former possessor,providee,0.8,https://g17.dhi-roma.it/resources/institution_499,Ruthenensis,"apostolic provision,papal grace,Prior,Office in a monastery",1677-11-13,1.0,0.8,272,significant
8521,https://g17.dhi-roma.it/resources/event_8462,,,Nicolai etiam Carciere,Jacobus Carrier,Carciere,Carrier,former possessor,providee,0.8,https://g17.dhi-roma.it/resources/institution_499,Ruthenensis,"apostolic provision,papal grace,Prior,Office in a monastery",1677-11-13,1.0,0.8,272,significant
1599,https://g17.dhi-roma.it/resources/event_15702,,,Petrus Fournier,Petri etiam Fournis,Fournier,Fournis,providee,former possessor,0.8,https://g17.dhi-roma.it/resources/institution_243,Augustodunensis,"Resignation,Personal reason,apostolic provision,papal grace,Church institutions,Collegiate church,Administrative office,Cantorate,Defined administrative office,Undefined administrative office,Holder of a dignity",,1.0,0.8,307,significant
791,https://g17.dhi-roma.it/resources/event_8446,,,Michaelis etiam Poirier,Petrus Poitiers,Poirier,Poitiers,former possessor,providee,0.8,https://g17.dhi-roma.it/resources/institution_181,Cenomanensis,"apostolic provision,papal grace,Rectorship,Liturgical office",1677-11-07,1.0,0.8,253,significant
6062,https://g17.dhi-roma.it/resources/event_8189,,,Petrus Pressauin,Joannis etiam Pressavim,Pressauin,Pressavim,providee,former possessor,0.7777777777777779,https://g17.dhi-roma.it/resources/institution_364,Matisconensis,"apostolic provision,papal grace,Rectorship,Liturgical office",1677-10-16,1.0,0.7777777777777779,60,significant
4531,https://g17.dhi-roma.it/resources/event_3266,,,Francisci etiam Maloni,Joannes Malonuy,Maloni,Malonuy,former possessor,providee,0.7692307692307692,https://g17.dhi-roma.it/resources/institution_350,Lunensarzanen,"apostolic provision,papal grace,death of previous holder,Personal reason,Rectorship,Liturgical office",1677-11-06,1.0,0.7692307692307692,439,significant
1281,https://g17.dhi-roma.it/resources/event_10919,,,Nicolai etiam Pidova,Franciscus Pidovin,Pidova,Pidovin,former possessor,providee,0.7692307692307692,https://g17.dhi-roma.it/resources/institution_455,Pictaviensis,"Placing a commenda,apostolic provision,papal grace,death of previous holder,Personal reason,Prior,Office in a monastery",,1.0,0.7692307692307692,56,significant
2444,https://g17.dhi-roma.it/resources/event_10456,,,Joannes Marsin,Jacobi etiam Martini,Marsin,Martini,providee,former possessor,0.7692307692307692,https://g17.dhi-roma.it/resources/institution_647,Xanctonensis,"apostolic provision,papal grace,Rectorship,Liturgical office,Curate",1678-03-27,1.0,0.7692307692307692,573,significant
2341,https://g17.dhi-roma.it/resources/event_4186,,,Gisbertus Peranus,Gisberti etiam Perani Senioris,Peranus,Perani,providee,former possessor,0.7692307692307692,https://g17.dhi-roma.it/resources/institution_328,Leodiensis,"Resignation,Personal reason,apostolic provision,papal grace,Administrative office,Holder of a canonship,Defined administrative office,Canonship and prebend,Church institutions,Collegiate church",1622-05-01,1.0,0.7692307692307692,477,significant
7639,https://g17.dhi-roma.it/resources/event_1430,,,Franciscus Miscettus,Julii Cesaris etiam Micetti,Miscettus,Micetti,providee,former possessor,0.75,https://g17.dhi-roma.it/resources/institution_273,Gallipolitana,"Resignation,Personal reason,apostolic provision,papal grace,Administrative office,Holder of an undefined benefice,Undefined administrative office,Holder of a benefice",1678-08-09,1.0,0.75,68,significant
876,https://g17.dhi-roma.it/resources/event_8541,,,Michael Lemacher Junior,Michaelis Lestache Senior,Lemacher,Lestache,providee,former possessor,0.75,https://g17.dhi-roma.it/resources/institution_172,Catalaunensis,"apostolic provision,papal grace,Administrative office,Holder of a canonship,Defined administrative office,Canonship and prebend,church,Church institutions",1677-11-13,1.0,0.75,105,significant
7039,https://g17.dhi-roma.it/resources/event_1429,,,Franciscus Miscettus,Julii Cesaris etiam Micetti,Miscettus,Micetti,providee,former possessor,0.75,https://g17.dhi-roma.it/resources/institution_273,Gallipolitana,"Resignation,Personal reason,apostolic provision,papal grace,Administrative office,Holder of an undefined benefice,Undefined administrative office,Holder of a benefice",1678-08-09,1.0,0.75,68,significant
9381,https://g17.dhi-roma.it/resources/event_10411,,,Carolus Tanneguidus Coucey,Francisci etiam Cauey,Coucey,Cauey,providee,former possessor,0.7272727272727273,https://g17.dhi-roma.it/resources/institution_501,Sagiensis,"apostolic provision,papal grace,Rectorship,Liturgical office",1678-03-21,1.0,0.7272727272727273,81,significant
2364,https://g17.dhi-roma.it/resources/event_2862,,,Hieronimi etiam Fusci,Jacobus Antonius Fuscus,Fusci,Fuscus,former possessor,providee,0.7272727272727273,https://g17.dhi-roma.it/resources/institution_548,Sulmonensis,"Resignation,Personal reason,apostolic provision,papal grace,Administrative office,Undefined administrative office,Holder of a benefice in a church,Holder of a benefice",1622-02-17,1.0,0.7272727272727273,78,significant
3385,https://g17.dhi-roma.it/resources/event_13699,,,Germanus Pridot Junior,Germani etiam Prudo Senioris,Pridot,Prudo,providee,former possessor,0.7272727272727273,https://g17.dhi-roma.it/resources/institution_680,Antissiodorensis,"apostolic provision,papal grace,Rectorship,Liturgical office",,1.0,0.7272727272727273,154,significant
4313,https://g17.dhi-roma.it/resources/event_17409,,,Stephanus de Valot,Jois etiam de Varlat,Valot,Varlat,providee,former possessor,0.7272727272727273,https://g17.dhi-roma.it/resources/institution_411,Nemausensis,"apostolic provision,papal grace,Parish Church,Church institutions,Administrative office,Holder of an undefined benefice,Undefined administrative office,Holder of a benefice",,1.0,0.7272727272727273,287,significant
9357,https://g17.dhi-roma.it/resources/event_10365,,,Iacobus le Cocq,Ioannis etiam le Cocqant,Cocq,Cocqant,providee,former possessor,0.7272727272727273,https://g17.dhi-roma.it/resources/institution_172,Catalaunensis,"apostolic provision,papal grace,Without care of souls,Pastor,Liturgical office",1678-03-12,1.0,0.7272727272727273,35,significant
8720,https://g17.dhi-roma.it/resources/event_13253,,,Joannis Martindt,Antonii etiam Morotinet,Martindt,Morotinet,providee,former possessor,0.7058823529411764,https://g17.dhi-roma.it/resources/institution_521,Sarlatensis,"apostolic provision,papal grace,Rectorship,Liturgical office",,1.0,0.7058823529411764,304,significant
1172,https://g17.dhi-roma.it/resources/event_1620,,,Mortini ioannis etiam Palvico,Raphaelis Pelucico,Palvico,Pelucico,former possessor,providee,0.6666666666666667,https://g17.dhi-roma.it/resources/institution_431,Oscensis,"Resignation,Personal reason,apostolic provision,papal grace,Rectorship,Liturgical office,Parish Church,Church institutions",1678-08-29,1.0,0.6666666666666667,75,significant
5384,https://g17.dhi-roma.it/resources/event_15722,,,Laurentius du Bonescil,Francisci etiam du Bouexil,Bonescil,Bouexil,providee,former possessor,0.6666666666666667,https://g17.dhi-roma.it/resources/institution_216,Corisopitensis,"Resignation,Personal reason,apostolic provision,papal grace,church,Church institutions,Treasurer,Administrative office,Defined administrative office",,1.0,0.6666666666666667,97,significant
6054,https://g17.dhi-roma.it/resources/event_6474,,,Agatius Fareisus,Fabii etiam Faresii,Fareisus,Faresii,providee,former possessor,0.6666666666666667,https://g17.dhi-roma.it/resources/institution_542,Squillacensis,"apostolic provision,papal grace,death of previous holder,Personal reason,Rectorship,Liturgical office",1622-09-05,1.0,0.6666666666666667,253,significant
611,https://g17.dhi-roma.it/resources/event_8927,,,Gaspardi etiam de Triollon,Ludovicus de Triohoy,Triollon,Triohoy,former possessor,providee,0.6666666666666667,https://g17.dhi-roma.it/resources/institution_455,Pictaviensis,"Placing a commenda,apostolic provision,papal grace,Prior,Office in a monastery,Order of Saint Augustine,Regular canons,With care of souls",1677-12-12,1.0,0.6666666666666667,105,significant
1926,https://g17.dhi-roma.it/resources/event_1236,,,Joannes Dominicus Alterbus Frezza,Angeli etiam Fylzza,Frezza,Fylzza,providee,former possessor,0.6666666666666667,https://g17.dhi-roma.it/resources/institution_259,Feruntina,"Resignation,Personal reason,apostolic provision,papal grace,Administrative office,Holder of a canonship,Defined administrative office,Canonship and prebend,church,Church institutions",1678-08-04,1.0,0.6666666666666667,32,significant
4733,https://g17.dhi-roma.it/resources/event_9484,,,Dominicus Narris,Joannis etiam Barnis,Narris,Barnis,providee,former possessor,0.6666666666666667,https://g17.dhi-roma.it/resources/institution_90,Auxitana,"apostolic provision,papal grace,Archpriest,Liturgical office,Rectorship",1677-12-26,1.0,0.6666666666666667,252,significant
6754,https://g17.dhi-roma.it/resources/event_10202,,,Joannis etiam Gunian,Honorettus Sgimian,Gunian,Sgimian,former possessor,providee,0.6153846153846154,https://g17.dhi-roma.it/resources/institution_638,Vivariensis,"apostolic provision,papal grace,church,Church institutions,Hebdomadarian,Administrative office,Defined administrative office,Holder of an undefined benefice,Undefined administrative office,Holder of a benefice",,1.0,0.6153846153846154,187,significant
6669,https://g17.dhi-roma.it/resources/event_10615,,,Nicolai etiam Pidova,Franciscus Pidouix,Pidova,Pidouix,former possessor,providee,0.6153846153846154,https://g17.dhi-roma.it/resources/institution_455,Pictaviensis,"Placing a commenda,apostolic provision,papal grace,death of previous holder,Personal reason,Prior,Office in a monastery",1678-03-27,1.0,0.6153846153846154,56,significant
2078,https://g17.dhi-roma.it/resources/event_441,,,Michaelis Jois Baptistae Ollier de Verneuil,Joannes Jacobus Ollier de Verneuil,Verneuil,Verneuil,former possessor,providee,1.0,https://g17.dhi-roma.it/resources/institution_50,Andegavensis,"Placing a commenda,apostolic provision,papal grace,Prior,Office in a monastery,Order of Saint Benedict,Orders of the monastic tradition,Priory,Monastic institutions",1677-10-08,0.5,0.5,126,significant
2077,https://g17.dhi-roma.it/resources/event_6646,,,Franciscus Bernard,Petri Bernard,Bernard,Bernard,providee,former possessor,1.0,https://g17.dhi-roma.it/resources/institution_192,Claromontensis,"apostolic provision,papal grace,death of previous holder,Personal reason,Administrative office,Holder of a canonship,Defined administrative office,Canonship and prebend,Church institutions,Collegiate church",1678-07-01,0.5,0.5,370,significant
2224,https://g17.dhi-roma.it/resources/event_6432,,,Hector de Scorano,Andrea de Scorano,Scorano,Scorano,providee,former possessor,1.0,https://g17.dhi-roma.it/resources/institution_450,Pennensis,"apostolic provision,papal grace,death of previous holder,Personal reason,Without care of souls",1622-07-18,0.5,0.5,195,significant
4912,https://g17.dhi-roma.it/resources/event_873,,,Salvatoris Strancie,Joannes Antonius Strancie,Strancie,Strancie,former possessor,providee,1.0,https://g17.dhi-roma.it/resources/institution_91,Avellinensis,"apostolic provision,papal grace,death of previous holder,Personal reason,Administrative office,Holder of a canonship,Defined administrative office,Canonship and prebend,Primicerius,Church institutions,Collegiate church",1622-11-24,0.5,0.5,168,significant
284,https://g17.dhi-roma.it/resources/event_8451,,,Nicolaus Pilley,Abrahami ats Pilley,Pilley,Pilley,providee,former possessor,1.0,https://g17.dhi-roma.it/resources/institution_241,Eburovicensis,"apostolic provision,papal grace,Rectorship,Liturgical office",1677-11-07,0.5,0.5,137,significant
2238,https://g17.dhi-roma.it/resources/event_1671,,,Antonius Dargendeix,Michaelis ets Dargendeix,Dargendeix,Dargendeix,providee,former possessor,1.0,https://g17.dhi-roma.it/resources/institution_327,Lemovicensis,"apostolic provision,papal grace,Rectorship,Liturgical office,Parish Church,Church institutions",1677-10-08,0.5,0.5,22,significant
2080,https://g17.dhi-roma.it/resources/event_2211,,,Severinus de Vitalibus,Severinus de Vitalibus,Vitalibus,Vitalibus,providee,current possessor,1.0,https://g17.dhi-roma.it/resources/institution_681,San Severino,"apostolic provision,papal grace,Assistance by a coadjutor,Assignment,Administrative office,Holder of a canonship,Defined administrative office,Canonship and prebend",1678-09-26,0.5,0.5,113,significant
3426,https://g17.dhi-roma.it/resources/event_15974,,,Nicolai Petit,Petrus Le Petit,Petit,Petit,former possessor,providee,1.0,https://g17.dhi-roma.it/resources/institution_370,Meldensis,"Placing a commenda,apostolic provision,papal grace,Prior,Office in a monastery,Order of Saint Benedict,Orders of the monastic tradition",1678-08-09,0.5,0.5,216,significant
6490,https://g17.dhi-roma.it/resources/event_8847,,,Joannes Godefroy,Leoni Godefroy,Godefroy,Godefroy,providee,former possessor,1.0,https://g17.dhi-roma.it/resources/institution_501,Sagiensis,"apostolic provision,papal grace,Without care of souls,Prior,Office in a monastery,Church institutions,Chapel",1677-12-05,0.5,0.5,29,significant
4979,https://g17.dhi-roma.it/resources/event_6217,,,Alexandri Augi,Dominicua Augi,Augi,Augi,former possessor,providee,1.0,https://g17.dhi-roma.it/resources/institution_189,Civitatis Castelli,"apostolic provision,papal grace,death of previous holder,Personal reason,Administrative office,Holder of an undefined benefice,Undefined administrative office,Holder of a benefice",1622-08-08,0.5,0.5,152,significant
7984,https://g17.dhi-roma.it/resources/event_9705,,,Antonii Genoud,Franciscus Genoud,Genoud,Genoud,former possessor,providee,1.0,https://g17.dhi-roma.it/resources/institution_160,Carnotensis,"Placing a commenda,apostolic provision,papal grace,Prior,Office in a monastery,Order of Saint Benedict,Orders of the monastic tradition",1678-01-30,0.5,0.5,71,significant
7985,https://g17.dhi-roma.it/resources/event_9497,,,Petrus Ysam,Bernardi ex Ysam,Ysam,Ysam,providee,former possessor,1.0,https://g17.dhi-roma.it/resources/institution_139,Cadurcensis,"apostolic provision,papal grace,Rectorship,Liturgical office",1677-12-29,0.5,0.5,13,significant
3223,https://g17.dhi-roma.it/resources/event_8268,,,Bertrandus Olivier,Petri et Olivier,Olivier,Olivier,providee,former possessor,1.0,https://g17.dhi-roma.it/resources/institution_670,Vasatensis,"apostolic provision,papal grace,Rectorship,Liturgical office",1677-10-23,0.5,0.5,213,significant
3262,https://g17.dhi-roma.it/resources/event_16232,,,Bartholomeus predictus,Andree predictus,Predictus,Predictus,providee,former possessor,1.0,https://g17.dhi-roma.it/resources/institution_513,Sancti Flori,"apostolic provision,papal grace,Rectorship,Liturgical office",1677-12-02,0.5,0.5,586,significant
2245,https://g17.dhi-roma.it/resources/event_5720,,,Antoni et Taruffa,Ioannes Vincentius Taruffa,Taruffa,Taruffa,former possessor,providee,1.0,https://g17.dhi-roma.it/resources/institution_153,Camplensis,"apostolic provision,papal grace,death of previous holder,Personal reason,Without care of souls,Administrative office,Undefined administrative office,Holder of a benefice in a church,Holder of a benefice",1622-06-09,0.5,0.5,19,significant
3258,https://g17.dhi-roma.it/resources/event_3612,,,Franciscus Chater,Petri Chater,Chater,Chater,providee,former possessor,1.0,https://g17.dhi-roma.it/resources/institution_111,Bisuntina,"apostolic provision,papal grace,death of previous holder,Personal reason,Rectorship,Liturgical office",1622-04-20,0.5,0.5,362,significant
9591,https://g17.dhi-roma.it/resources/event_6230,,,Baptista a Valle seu Analle,Ioannis Antonii Analle,Analle,Analle,providee,former possessor,1.0,https://g17.dhi-roma.it/resources/institution_254,Faventina,"apostolic provision,papal grace,death of previous holder,Personal reason,Without care of souls,Pastor,Liturgical office,church,Church institutions",1622-08-11,0.5,0.5,205,significant
4903,https://g17.dhi-roma.it/resources/event_9515,,,Jacobi est Thomas,Jacobus Thomas,Thomas,Thomas,former possessor,providee,1.0,https://g17.dhi-roma.it/resources/institution_50,Andegavensis,"apostolic provision,papal grace,Pastor,Liturgical office,church,Church institutions",1677-12-29,0.5,0.5,136,significant
6897,https://g17.dhi-roma.it/resources/event_12740,,,Joes Bourdin,Caroli Bourdin,Bourdin,Bourdin,providee,former possessor,1.0,https://g17.dhi-roma.it/resources/institution_709,Noviomensis,"apostolic provision,papal grace,church,Church institutions,Archdeacon,Liturgical office",1678-04-23,0.5,0.5,344,significant
3228,https://g17.dhi-roma.it/resources/event_14829,,,Marini Maulny,Joannes Maulny,Maulny,Maulny,former possessor,providee,1.0,https://g17.dhi-roma.it/resources/institution_181,Cenomanensis,"apostolic provision,papal grace,Rectorship,Liturgical office",1678-06-25,0.5,0.5,109,significant
9626,https://g17.dhi-roma.it/resources/event_8877,,,Guillelmi Boylesue,Ludovicus Boylesue,Boylesue,Boylesue,former possessor,providee,1.0,https://g17.dhi-roma.it/resources/institution_50,Andegavensis,"Placing a commenda,apostolic provision,papal grace,Prior,Office in a monastery,Order of Saint Benedict,Orders of the monastic tradition,With care of souls",1677-12-12,0.5,0.5,60,significant
8066,https://g17.dhi-roma.it/resources/event_15675,,,Joes Bordel,Francisci Josephi Bordel,Bordel,Bordel,providee,former possessor,1.0,https://g17.dhi-roma.it/resources/institution_1141,cenomanensis seu carnotensis,"apostolic provision,papal grace,Administrative office,Holder of a canonship,Defined administrative office,Canonship and prebend,Church institutions,Collegiate church",,0.5,0.5,230,significant
6649,https://g17.dhi-roma.it/resources/event_15907,,,Francisci Charton,Petrus Charton,Charton,Charton,former possessor,providee,1.0,https://g17.dhi-roma.it/resources/institution_85,Aurelianensis,"apostolic provision,papal grace,Without care of souls,Pastor,Liturgical office,Parish Church,Church institutions",1678-08-04,0.5,0.5,311,significant
4805,https://g17.dhi-roma.it/resources/event_8646,,,Lucas Bugy,Petri Bugy,Bugy,Bugy,providee,former possessor,1.0,https://g17.dhi-roma.it/resources/institution_85,Aurelianensis,"apostolic provision,papal grace,death of previous holder,Personal reason,Administrative office,Holder of a canonship,Defined administrative office,Canonship and prebend,church,Church institutions",1677-12-02,0.5,0.5,53,significant
2931,https://g17.dhi-roma.it/resources/event_724,,,Jois Fernandez,Petrus Fernandez,Fernandez,Fernandez,former possessor,providee,1.0,https://g17.dhi-roma.it/resources/institution_78,Astoricensis,"Resignation,Personal reason,apostolic provision,papal grace,Rectorship,Liturgical office,Parish Church,Church institutions",1678-08-19,0.5,0.5,124,significant
1823,https://g17.dhi-roma.it/resources/event_4607,,,Francisci de Fensolis,Andreas de Fensolis,Fensolis,Fensolis,former possessor,providee,1.0,https://g17.dhi-roma.it/resources/institution_254,Faventina,"apostolic provision,papal grace,death of previous holder,Personal reason,Pastor,Liturgical office,church,Church institutions,Major church",1623-01-30,0.5,0.5,98,significant
7430,https://g17.dhi-roma.it/resources/event_674,,,Antonius Malabarba,Joannis Malabarba,Malabarba,Malabarba,providee,former possessor,1.0,https://g17.dhi-roma.it/resources/institution_694,Patavina,"apostolic provision,papal grace,death of previous holder,Personal reason,church,Church institutions,Administrative office,Holder of an undefined benefice,Undefined administrative office,Holder of a clerical benefice,Holder of a benefice",1622-09-28,0.5,0.5,64,significant
2212,https://g17.dhi-roma.it/resources/event_2740,,,Caroli de la Grane,Carolus de la Grane,Grane,Grane,former possessor,providee,1.0,https://g17.dhi-roma.it/resources/institution_495,Rothomagensis,"apostolic provision,papal grace,Rectorship,Liturgical office",1677-11-20,0.5,0.5,434,significant
5259,https://g17.dhi-roma.it/resources/event_16129,,,Joannes Daignan,Pauli Daignan,Daignan,Daignan,providee,former possessor,1.0,https://g17.dhi-roma.it/resources/institution_81,Aturensis,"apostolic provision,papal grace,church,Church institutions,Administrative office,Holder of an undefined benefice,Undefined administrative office,Holder of a benefice",1677-10-16,0.5,0.5,163,significant
6755,https://g17.dhi-roma.it/resources/event_17736,,,Franciscus Nollen,Francisci Nollen,Nollen,Nollen,providee,former possessor,1.0,https://g17.dhi-roma.it/resources/institution_1158,bellovacensis seu silvanectensis,"apostolic provision,papal grace",,0.5,0.5,133,significant
5336,https://g17.dhi-roma.it/resources/event_7411,,,Ord. loci et Perez,Didacus Perez,Perez,Perez,former possessor,providee,1.0,https://g17.dhi-roma.it/resources/institution_345,Lucensis,"apostolic provision,papal grace,death of previous holder,Personal reason,Pastor,Liturgical office,Parish Church,Church institutions",1678-09-07,0.5,0.5,267,significant
2015,https://g17.dhi-roma.it/resources/event_6455,,,Alexandri Cattania,Ioannes Cattania,Cattania,Cattania,former possessor,providee,1.0,https://g17.dhi-roma.it/resources/institution_120,Bononiensis,"apostolic provision,papal grace,death of previous holder,Personal reason,Church institutions,Major church,Administrative office,Holder of an undefined benefice,Undefined administrative office,Holder of a benefice",1622-09-03,0.5,0.5,132,significant
2036,https://g17.dhi-roma.it/resources/event_2209,,,Antonius Maldonado de Barrientos,Antonius Maldonado de Barrientos,Barrientos,Barrientos,current possessor,providee,1.0,https://g17.dhi-roma.it/resources/institution_503,Salamantina,"apostolic provision,papal grace,Assistance by a coadjutor,Assignment,Administrative office,Holder of a canonship,Defined administrative office,Canonship and prebend,church,Church institutions",1678-07-31,0.5,0.5,162,significant
2013,https://g17.dhi-roma.it/resources/event_6246,,,Ioannis de Angelo Salazar,Ioannes Garcia Salazar,Salazar,Salazar,former possessor,providee,1.0,https://g17.dhi-roma.it/resources/institution_134,Burgensis,"apostolic provision,papal grace,death of previous holder,Personal reason,Administrative office,Undefined administrative office,Holder of a portion,Parish Church,Church institutions,Holder of an undefined benefice,Holder of a benefice",1622-08-13,0.5,0.5,87,significant
8023,https://g17.dhi-roma.it/resources/event_1229,,,Franciscum del Sole,Marini del Sole,Sole,Sole,providee,former possessor,1.0,https://g17.dhi-roma.it/resources/institution_100,Barensis,"apostolic provision,papal grace,death of previous holder,Personal reason",1622-11-26,0.5,0.5,180,significant
140,https://g17.dhi-roma.it/resources/event_9082,,,Stephani Claudii Laborie,Jacobus Paulus Laborie,Laborie,Laborie,former possessor,providee,1.0,https://g17.dhi-roma.it/resources/institution_26,Agennensis,"apostolic provision,papal grace,death of previous holder,Personal reason,Prior,Office in a monastery",,0.5,0.5,249,significant
5037,https://g17.dhi-roma.it/resources/event_3254,,,Joannis Laurentii Ruffi,Franciscus Aloysius Ruffi,Ruffi,Ruffi,former possessor,providee,1.0,https://g17.dhi-roma.it/resources/institution_261,Firmana,"apostolic provision,papal grace,death of previous holder,Personal reason,Administrative office,Holder of an undefined benefice,Undefined administrative office,Holder of a benefice",1677-11-10,0.5,0.5,47,significant
7005,https://g17.dhi-roma.it/resources/event_5213,,,Petrus Fernandez de Pinedo,Iosephi de Pinedo,Pinedo,Pinedo,providee,former possessor,1.0,https://g17.dhi-roma.it/resources/institution_134,Burgensis,"apostolic provision,papal grace,death of previous holder,Personal reason,Administrative office,Undefined administrative office,Holder of a portion,Parish Church,Church institutions,Holder of an undefined benefice,Holder of a benefice",,0.5,0.5,111,significant
3632,https://g17.dhi-roma.it/resources/event_4480,,,Iosephus de Nobilibus,Cosmi de Nobilibus,Nobilibus,Nobilibus,providee,former possessor,1.0,https://g17.dhi-roma.it/resources/institution_74,Asculana,"apostolic provision,papal grace,Becoming a surrogate,death of previous holder,Personal reason,church,Church institutions,Administrative office,Holder of an undefined benefice,Undefined administrative office,Holder of a benefice",1623-01-24,0.5,0.5,65,significant
1986,https://g17.dhi-roma.it/resources/event_6433,,,Andrea de Scorano,Hector de Scorano,Scorano,Scorano,former possessor,providee,1.0,https://g17.dhi-roma.it/resources/institution_450,Pennensis,"apostolic provision,papal grace,death of previous holder,Personal reason,Without care of souls",1622-07-18,0.5,0.5,195,significant
6680,https://g17.dhi-roma.it/resources/event_4554,,,Scipio Lionelli,Iacobi Lionelli,Lionelli,Lionelli,providee,former possessor,1.0,https://g17.dhi-roma.it/resources/institution_687,Tudertin,"apostolic provision,papal grace,death of previous holder,Personal reason,Pastor,Liturgical office,church,Church institutions",1623-01-24,0.5,0.5,169,significant
2434,https://g17.dhi-roma.it/resources/event_1153,,,Petri etr Auzeric,Huggo Auzeric,Auzeric,Auzeric,former possessor,providee,1.0,https://g17.dhi-roma.it/resources/institution_26,Agennensis,"apostolic provision,papal grace,Rectorship,Liturgical office,Administrative office,Undefined administrative office,Holder of a benefice in a church,Holder of a benefice,Parish Church,Church institutions",1677-10-08,0.5,0.5,90,significant
3489,https://g17.dhi-roma.it/resources/event_6435,,,Hector de Scorano,Andrea de Scorano,Scorano,Scorano,providee,former possessor,1.0,https://g17.dhi-roma.it/resources/institution_450,Pennensis,"apostolic provision,papal grace,death of previous holder,Personal reason,Without care of souls",1622-07-18,0.5,0.5,195,significant
124,https://g17.dhi-roma.it/resources/event_5818,,,Hieronimus Da Costa,Oduardi da Costa,Costa,Costa,providee,former possessor,1.0,https://g17.dhi-roma.it/resources/institution_713,Elborensis,"apostolic provision,papal grace,death of previous holder,Personal reason,Administrative office,Holder of an undefined benefice,Undefined administrative office,Holder of a benefice",1622-06-10,0.5,0.5,270,significant
8051,https://g17.dhi-roma.it/resources/event_7726,,,Francisci de Sassolis,Bernadinus de Sassolis,Sassolis,Sassolis,former possessor,providee,1.0,https://g17.dhi-roma.it/resources/institution_719,Imolensis,"apostolic provision,papal grace,death of previous holder,Personal reason,Pastor,Liturgical office,Parish Church,Church institutions",1622-05-04,0.5,0.5,797,significant
2446,https://g17.dhi-roma.it/resources/event_6691,,,Bartholomei et Roca,Thomas Roca,Roca,Roca,former possessor,providee,1.0,https://g17.dhi-roma.it/resources/institution_605,Valentina,"apostolic provision,papal grace,death of previous holder,Personal reason,Pastor,Liturgical office,church,Church institutions",1678-02-18,0.5,0.5,187,significant
9749,https://g17.dhi-roma.it/resources/event_6295,,,Camillus Gentilis,Francisci Gentilis,Gentilis,Gentilis,providee,former possessor,1.0,https://g17.dhi-roma.it/resources/institution_164,Casertana,"apostolic provision,papal grace,death of previous holder,Personal reason,Without care of souls,Administrative office,Undefined administrative office,Holder of a benefice in a church,Holder of a benefice",,0.5,0.5,176,significant
7750,https://g17.dhi-roma.it/resources/event_8717,,,Petri Pasches,Petrus Pasches,Pasches,Pasches,former possessor,providee,1.0,https://g17.dhi-roma.it/resources/institution_192,Claromontensis,"apostolic provision,papal grace,Liturgical office,Curate",1677-12-05,0.5,0.5,111,significant
179,https://g17.dhi-roma.it/resources/event_3677,,,Joannes Ochoa,Ludovici Ochoa,Ochoa,Ochoa,providee,former possessor,1.0,https://g17.dhi-roma.it/resources/institution_279,Giennensis,"Resignation,Personal reason,apostolic provision,papal grace,Pastor,Liturgical office,church,Church institutions",1622-03-15,0.5,0.5,109,significant
7613,https://g17.dhi-roma.it/resources/event_1662,,,Gualterius vulgo Gaultier de Gerard,Bertrandi ets de Gerard,Gerard,Gerard,providee,current possessor,1.0,https://g17.dhi-roma.it/resources/institution_521,Sarlatensis,"Placing a commenda,apostolic provision,papal grace,Defined administrative office,Administrative office,Provostship",1677-10-08,0.5,0.5,386,significant
7819,https://g17.dhi-roma.it/resources/event_7129,,,Sanetes Serena,Diomedis extra Serena,Serena,Serena,providee,former possessor,1.0,https://g17.dhi-roma.it/resources/institution_149,Camerinensis,"deceased in Rome,apostolic provision,papal grace,Referral to a higher authority,death of previous holder,Personal reason",,0.5,0.5,254,significant
3376,https://g17.dhi-roma.it/resources/event_13487,,,Henrici Gonel,Nicolaus Gonel,Gonel,Gonel,former possessor,providee,1.0,https://g17.dhi-roma.it/resources/institution_487,Remensis,"apostolic provision,papal grace,Administrative office,Holder of a canonship,Defined administrative office,Canonship and prebend",1678-05-20,0.5,0.5,303,significant
6782,https://g17.dhi-roma.it/resources/event_620,,,Antonius Montagne,Joannis Jacobi Montagne,Montagne,Montagne,providee,former possessor,1.0,https://g17.dhi-roma.it/resources/institution_248,Elvensis,"apostolic provision,papal grace,death of previous holder,Personal reason,church,Church institutions,Administrative office,Holder of an undefined benefice,Undefined administrative office,Holder of a benefice",1622-09-28,0.5,0.5,182,significant
6792,https://g17.dhi-roma.it/resources/event_5598,,,Joannes Camillus Ciosto,Horatii Ciosto,Ciosto,Ciosto,providee,former possessor,1.0,https://g17.dhi-roma.it/resources/institution_628,Vico Aequensis,"apostolic provision,papal grace,death of previous holder,Personal reason,Without care of souls",1622-05-14,0.5,0.5,133,significant
7890,https://g17.dhi-roma.it/resources/event_9122,,,Joannis ex Guitard,Petrus Guitard,Guitard,Guitard,former possessor,providee,1.0,https://g17.dhi-roma.it/resources/institution_381,Mimatensis,"apostolic provision,papal grace,Pastor,Liturgical office,Parish Church,Church institutions",1677-12-29,0.5,0.5,158,significant
2171,https://g17.dhi-roma.it/resources/event_5470,,,Ioannes Francisci de la Foresta,Domici de la Foresta,Foresta,Foresta,providee,former possessor,1.0,https://g17.dhi-roma.it/resources/institution_715,Fesulana,"apostolic provision,papal grace,death of previous holder,Personal reason,Without care of souls,Head of an oratory,Office in a monastery",1622-04-07,0.5,0.5,211,significant
7944,https://g17.dhi-roma.it/resources/event_3894,,,Petrus Trago,Jacobi Trago,Trago,Trago,providee,former possessor,1.0,https://g17.dhi-roma.it/resources/institution_298,Illerdensis,"Resignation,Personal reason,apostolic provision,papal grace,Church institutions,Collegiate church,Administrative office,Holder of an undefined benefice,Undefined administrative office,Holder of a benefice",1622-04-30,0.5,0.5,107,significant
2172,https://g17.dhi-roma.it/resources/event_3282,,,Alexandri Jacusti,Josephus Antonius Jacusti,Jacusti,Jacusti,former possessor,providee,1.0,https://g17.dhi-roma.it/resources/institution_153,Camplensis,"deceased in Rome,apostolic provision,papal grace,death of previous holder,Personal reason,Administrative office,Holder of a canonship,Defined administrative office,Canonship and prebend,Church institutions,Collegiate church",1677-11-09,0.5,0.5,102,significant
45,https://g17.dhi-roma.it/resources/event_16128,,,Pauli Daignan,Joannes Daignan,Daignan,Daignan,former possessor,providee,1.0,https://g17.dhi-roma.it/resources/institution_90,Auxitana,"apostolic provision,papal grace,Administrative office,Holder of a canonship,Defined administrative office,Canonship and prebend,church,Church institutions",1677-10-16,0.5,0.5,163,significant
2830,https://g17.dhi-roma.it/resources/event_5613,,,Vincentii de Domo,Franciscus de Domo,Domo,Domo,former possessor,providee,1.0,https://g17.dhi-roma.it/resources/institution_541,Spoletana,"deceased in Rome,apostolic provision,papal grace,death of previous holder,Personal reason,Pastor,Liturgical office,church,Church institutions",1622-04-27,0.5,0.5,63,significant
7411,https://g17.dhi-roma.it/resources/event_10440,,,Antonius de Bousquet,Ludovici de Bousquet,Bousquet,Bousquet,providee,former possessor,1.0,https://g17.dhi-roma.it/resources/institution_499,Ruthenensis,"apostolic provision,papal grace,Administrative office,Holder of a canonship,Defined administrative office,Canonship and prebend",1678-03-27,0.5,0.5,151,significant
9508,https://g17.dhi-roma.it/resources/event_6126,,,Petri Antonii de Monte,Bartholomeus de Monte,Monte,Monte,former possessor,providee,1.0,https://g17.dhi-roma.it/resources/institution_414,Neritonensis,"apostolic provision,papal grace,death of previous holder,Personal reason,church,Church institutions,Administrative office,Holder of an undefined benefice,Undefined administrative office,Holder of a benefice",1622-07-28,0.5,0.5,415,significant
8099,https://g17.dhi-roma.it/resources/event_5622,,,Antonius Gonzalez,Alphonsi Gonzalez,Gonzalez,Gonzalez,providee,former possessor,1.0,https://g17.dhi-roma.it/resources/institution_15,Abulensis,"apostolic provision,papal grace,death of previous holder,Personal reason,Rectorship,Liturgical office",,0.5,0.5,51,significant
8102,https://g17.dhi-roma.it/resources/event_15857,,,Claudius Deschizault,Claudii Deschizault,Deschizault,Deschizault,providee,former possessor,1.0,https://g17.dhi-roma.it/resources/institution_364,Matisconensis,"apostolic provision,papal grace,Rectorship,Liturgical office",,0.5,0.5,73,significant
3539,https://g17.dhi-roma.it/resources/event_8808,,,Nicolai et de Billy,Carolus Emanuel de Billy,Billy,Billy,former possessor,providee,1.0,https://g17.dhi-roma.it/resources/institution_534,Silvanectensis,"apostolic provision,papal grace,Pastor,Liturgical office,Church institutions,Collegiate church",1677-12-05,0.5,0.5,119,significant
9757,https://g17.dhi-roma.it/resources/event_5779,,,Antonius Cardola,Ogerii Cardola,Cardola,Cardola,providee,former possessor,1.0,https://g17.dhi-roma.it/resources/institution_674,taurinensis,"apostolic provision,papal grace,death of previous holder,Personal reason,Rectorship,Liturgical office",1622-06-13,0.5,0.5,329,significant
3174,https://g17.dhi-roma.it/resources/event_10496,,,Antonii Despinoy,Carolus Geoffroi dEspinoy,Despinoy,Despinoy,former possessor,providee,1.0,https://g17.dhi-roma.it/resources/institution_172,Catalaunensis,"apostolic provision,papal grace,Pastor,Liturgical office",1678-03-27,0.5,0.5,102,significant
6610,https://g17.dhi-roma.it/resources/event_14248,,,Laurentii Courtois,Michael Courtois,Courtois,Courtois,former possessor,providee,1.0,https://g17.dhi-roma.it/resources/institution_547,Suessionensis,"apostolic provision,papal grace,Liturgical office,Curate",1678-06-03,0.5,0.5,203,significant
1885,https://g17.dhi-roma.it/resources/event_13543,,,Renatus Riollan,Pauli Riollan,Riollan,Riollan,providee,former possessor,1.0,https://g17.dhi-roma.it/resources/institution_50,Andegavensis,"apostolic provision,papal grace,Pastor,Liturgical office,Church institutions,Collegiate church",,0.5,0.5,208,significant
5060,https://g17.dhi-roma.it/resources/event_8591,,,Petri Bugy,Lucas Bugy,Bugy,Bugy,former possessor,providee,1.0,https://g17.dhi-roma.it/resources/institution_85,Aurelianensis,"apostolic provision,papal grace,death of previous holder,Personal reason,Administrative office,Holder of a canonship,Defined administrative office,Canonship and prebend,church,Church institutions",1677-11-20,0.5,0.5,53,significant
785,https://g17.dhi-roma.it/resources/event_16576,,,Guillelmus Valentin,Chistophori Valentin,Valentin,Valentin,providee,former possessor,1.0,https://g17.dhi-roma.it/resources/institution_55,Aniciensis,"Resignation,Personal reason,apostolic provision,papal grace,Administrative office,Holder of a canonship,Defined administrative office,Canonship and prebend,church,Church institutions",1622-09-13,0.5,0.5,223,significant
6603,https://g17.dhi-roma.it/resources/event_6439,,,Andrea de Scorano,Hector de Scorano,Scorano,Scorano,former possessor,providee,1.0,https://g17.dhi-roma.it/resources/institution_450,Pennensis,"apostolic provision,papal grace,death of previous holder,Personal reason,Office in a monastery,Abbot",1622-07-18,0.5,0.5,195,significant
9524,https://g17.dhi-roma.it/resources/event_6130,,,Carolus Danid Saxaville,Ioannis Da Saxaville,Saxaville,Saxaville,providee,former possessor,1.0,https://g17.dhi-roma.it/resources/institution_262,Florentina,"apostolic provision,papal grace,death of previous holder,Personal reason,Church institutions,Collegiate church,Administrative office,Undefined administrative office,Holder of a benefice in a church,Holder of a benefice",1622-07-28,0.5,0.5,118,significant
9761,https://g17.dhi-roma.it/resources/event_1198,,,Bartholemei Angeli,Matherus quondam Vincentii Angeli,Angeli,Angeli,former possessor,providee,1.0,https://g17.dhi-roma.it/resources/institution_344,Lucana,"apostolic provision,papal grace,death of previous holder,Personal reason,Rectorship,Liturgical office,church,Church institutions",1623-01-01,0.5,0.5,268,significant
5208,https://g17.dhi-roma.it/resources/event_5967,,,Mathei de Guliate Corsi,Dominicus de Corso Corsi,Corsi,Corsi,former possessor,providee,1.0,https://g17.dhi-roma.it/resources/institution_344,Lucana,"apostolic provision,papal grace,death of previous holder,Personal reason,Pastor,Liturgical office,Parish Church,Church institutions",1622-07-09,0.5,0.5,295,significant
4858,https://g17.dhi-roma.it/resources/event_8213,,,Josephus Rousseau,Michaelis et Rousseau,Rousseau,Rousseau,providee,former possessor,1.0,https://g17.dhi-roma.it/resources/institution_547,Suessionensis,"apostolic provision,papal grace,Administrative office,Holder of a canonship,Defined administrative office,Canonship and prebend,church,Church institutions",1677-10-16,0.5,0.5,206,significant
7498,https://g17.dhi-roma.it/resources/event_10823,,,Franciscus Dalmays,Heraldi Dalmays,Dalmays,Dalmays,providee,former possessor,1.0,https://g17.dhi-roma.it/resources/institution_513,Sancti Flori,"apostolic provision,papal grace,death of previous holder,Personal reason,Prior,Office in a monastery,church,Church institutions",1678-04-02,0.5,0.5,85,significant
9499,https://g17.dhi-roma.it/resources/event_8181,,,Thomas Clocquet,Joannis Clocquet,Clocquet,Clocquet,providee,former possessor,1.0,https://g17.dhi-roma.it/resources/institution_487,Remensis,"Resignation,Personal reason,apostolic provision,papal grace,Administrative office,Holder of a canonship,Defined administrative office,Canonship and prebend",1677-10-16,0.5,0.5,131,significant
4825,https://g17.dhi-roma.it/resources/event_9083,,,Jacobus Paulus Laborie,Stephani Claudii Laborie,Laborie,Laborie,providee,former possessor,1.0,https://g17.dhi-roma.it/resources/institution_501,Sagiensis,"apostolic provision,papal grace,death of previous holder,Personal reason,Prior,Office in a monastery",,0.5,0.5,249,significant
2993,https://g17.dhi-roma.it/resources/event_12574,,,Stephani Gaillard,Henricus Gaillard,Gaillard,Gaillard,former possessor,providee,1.0,https://g17.dhi-roma.it/resources/institution_352,Macleviensis,"Resignation,Personal reason,apostolic provision,papal grace,Pastor,Liturgical office,church,Church institutions",1678-04-23,0.5,0.5,205,significant
7554,https://g17.dhi-roma.it/resources/event_16902,,,Ioannis de Sinnosti,Ioannis de Sinnosti,Sinnosti,Sinnosti,providee,former possessor,1.0,https://g17.dhi-roma.it/resources/institution_57,Appamiensis / Appamiarum,"apostolic provision,papal grace,Abbey,Monastic institutions",1622-02-26,0.5,0.5,39,significant
5451,https://g17.dhi-roma.it/resources/event_8986,,,Renatus Royer,Jacobi et Royer,Royer,Royer,providee,former possessor,1.0,https://g17.dhi-roma.it/resources/institution_348,Lucionensis,"Placing a commenda,apostolic provision,papal grace,Prior,Office in a monastery",1677-12-12,0.5,0.5,217,significant
79,https://g17.dhi-roma.it/resources/event_9714,,,Henricus Le Beuf,Adami Le Beuf,Beuf,Beuf,providee,former possessor,1.0,https://g17.dhi-roma.it/resources/institution_50,Andegavensis,"Placing a commenda,apostolic provision,papal grace,death of previous holder,Personal reason,Prior,Office in a monastery,Order of Saint Benedict,Orders of the monastic tradition",,0.5,0.5,57,significant
2559,https://g17.dhi-roma.it/resources/event_9123,,,Andreas Revel,Bernardi ex Revel,Revel,Revel,providee,former possessor,1.0,https://g17.dhi-roma.it/resources/institution_68,Arelatensis,"Resignation,Personal reason,apostolic provision,papal grace,Prior,Office in a monastery",1677-12-29,0.5,0.5,133,significant
90,https://g17.dhi-roma.it/resources/event_10758,,,Jois Sinegre,Petrus Sinegre,Sinegre,Sinegre,former possessor,providee,1.0,https://g17.dhi-roma.it/resources/institution_411,Nemausensis,"Resignation,Personal reason,apostolic provision,papal grace,Liturgical office,Curate,Parish Church,Church institutions",1678-04-02,0.5,0.5,115,significant
7524,https://g17.dhi-roma.it/resources/event_5504,,,Marelli de Luca,Iosephus Nicolaus de Luca,Luca,Luca,former possessor,providee,1.0,https://g17.dhi-roma.it/resources/institution_373,Melphitensis,"apostolic provision,papal grace,death of previous holder,Personal reason,Heir,Undefined administrative office,Administrative office,Holder of an undefined benefice,Holder of a benefice",1622-04-11,0.5,0.5,95,significant
3029,https://g17.dhi-roma.it/resources/event_1228,,,Marini del Sole,Nicolaus del Sole,Sole,Sole,former possessor,providee,1.0,https://g17.dhi-roma.it/resources/institution_100,Barensis,"apostolic provision,papal grace,death of previous holder,Personal reason",1622-11-26,0.5,0.5,180,significant
4934,https://g17.dhi-roma.it/resources/event_10429,,,Antonius Hugon,Joannis ei Hugon,Hugon,Hugon,providee,former possessor,1.0,https://g17.dhi-roma.it/resources/institution_638,Vivariensis,"Resignation,Personal reason,apostolic provision,papal grace,Rectorship,Liturgical office",,0.5,0.5,84,significant
3051,https://g17.dhi-roma.it/resources/event_7804,,,Carolus David Saxaville,Ioannis Saxaville,Saxaville,Saxaville,providee,former possessor,1.0,https://g17.dhi-roma.it/resources/institution_262,Florentina,"apostolic provision,papal grace,death of previous holder,Personal reason,Pastor,Liturgical office",1622-06-16,0.5,0.5,118,significant
113,https://g17.dhi-roma.it/resources/event_8429,,,Philibertus de La Morhe,Joannis de La Morhe,Morhe,Morhe,providee,former possessor,1.0,https://g17.dhi-roma.it/resources/institution_81,Aturensis,"apostolic provision,papal grace,death of previous holder,Personal reason,Administrative office,Holder of a canonship,Defined administrative office,Canonship and prebend,church,Church institutions",1677-11-13,0.5,0.5,210,significant
2683,https://g17.dhi-roma.it/resources/event_6365,,,Michael Angoli Speroni,Ioannes Stephani Speroni,Speroni,Speroni,providee,former possessor,1.0,https://g17.dhi-roma.it/resources/institution_634,Ventimiliensis,"apostolic provision,papal grace,death of previous holder,Personal reason,Administrative office,Holder of a canonship,Defined administrative office,Canonship and prebend",1622-08-26,0.5,0.5,276,significant
9830,https://g17.dhi-roma.it/resources/event_9616,,,Joannis Firminhac,Franciscus Firminhac,Firminhac,Firminhac,former possessor,providee,1.0,https://g17.dhi-roma.it/resources/institution_499,Ruthenensis,"apostolic provision,papal grace,Prior,Office in a monastery,Administrative office,Undefined administrative office,Holder of a dignity,With care of souls,Parish Church,Church institutions",1678-01-30,0.5,0.5,18,significant
6543,https://g17.dhi-roma.it/resources/event_1269,,,Martini Cavallero de Annedano,Hieronimus Cavallero de Annedano,Annedano,Annedano,former possessor,providee,1.0,https://g17.dhi-roma.it/resources/institution_566,Tirasonensis,"apostolic provision,papal grace,death of previous holder,Personal reason,Pastor,Liturgical office,Parish Church,Church institutions",1622-11-12,0.5,0.5,51,significant
2700,https://g17.dhi-roma.it/resources/event_2202,,,Didacus de Villa,Didacus de Villa,Villa,Villa,providee,current possessor,1.0,https://g17.dhi-roma.it/resources/institution_608,Vallisolitana,"apostolic provision,papal grace,Assistance by a coadjutor,Assignment,Administrative office,Holder of a canonship,Defined administrative office,Canonship and prebend,church,Church institutions",1678-07-06,0.5,0.5,343,significant
8225,https://g17.dhi-roma.it/resources/event_10334,,,Francisci Barthel,Ludovicus Barthel,Barthel,Barthel,former possessor,providee,1.0,https://g17.dhi-roma.it/resources/institution_34,Albiensis,"apostolic provision,papal grace,Administrative office,Holder of a canonship,Defined administrative office,Canonship and prebend,Church institutions,Collegiate church",1678-03-12,0.5,0.5,182,significant
1778,https://g17.dhi-roma.it/resources/event_14328,,,Joannes du Chesne,Francisci de Chesne,Chesne,Chesne,providee,former possessor,1.0,https://g17.dhi-roma.it/resources/institution_160,Carnotensis,"apostolic provision,papal grace,Rectorship,Liturgical office",1678-06-10,0.5,0.5,158,significant
7222,https://g17.dhi-roma.it/resources/event_16242,,,Jacobus Thomas,Jacobi et Thomas,Thomas,Thomas,providee,former possessor,1.0,https://g17.dhi-roma.it/resources/institution_497,Rupellensis,"apostolic provision,papal grace,Pastor,Liturgical office",1677-12-12,0.5,0.5,136,significant
1775,https://g17.dhi-roma.it/resources/event_16821,,,Gabrielis de Virniane,Amatua sive Amedeva de Virniane,Virniane,Virniane,former possessor,providee,1.0,https://g17.dhi-roma.it/resources/institution_349,Lugdunensis,"Resignation,Personal reason,apostolic provision,papal grace,Undetermined reason,Unknown reason,church,Church institutions",1622-02-26,0.5,0.5,67,significant
7381,https://g17.dhi-roma.it/resources/event_5629,,,Ioannis Angelus Cioffo,Horatii de Cioffo,Cioffo,Cioffo,providee,former possessor,1.0,https://g17.dhi-roma.it/resources/institution_628,Vico Aequensis,"apostolic provision,papal grace,death of previous holder,Personal reason,Without care of souls",1622-06-23,0.5,0.5,14,significant
9476,https://g17.dhi-roma.it/resources/event_2480,,,Angelelli Iufrani,Marcus Antonius Iufrani,Iufrani,Iufrani,former possessor,providee,1.0,https://g17.dhi-roma.it/resources/institution_123,Bovensis,"apostolic provision,papal grace,death of previous holder,Personal reason,Dean,Liturgical office,church,Church institutions",1622-12-12,0.5,0.5,152,significant
7174,https://g17.dhi-roma.it/resources/event_16579,,,Iois de Hayer,Bertrandus de Hayer,Hayer,Hayer,former possessor,providee,1.0,https://g17.dhi-roma.it/resources/institution_95,Baionensis,"Resignation,Personal reason,apostolic provision,papal grace,Administrative office,Holder of a canonship,Defined administrative office,Canonship and prebend,church,Church institutions",1622-08-16,0.5,0.5,194,significant
2878,https://g17.dhi-roma.it/resources/event_6436,,,Andrea de Scorano,Hector de Scorano,Scorano,Scorano,former possessor,providee,1.0,https://g17.dhi-roma.it/resources/institution_450,Pennensis,"apostolic provision,papal grace,death of previous holder,Personal reason,Without care of souls",1622-07-18,0.5,0.5,195,significant
1755,https://g17.dhi-roma.it/resources/event_4606,,,Francisci de Fensolis,Andreas de Fensolis,Fensolis,Fensolis,former possessor,providee,1.0,https://g17.dhi-roma.it/resources/institution_254,Faventina,"apostolic provision,papal grace,death of previous holder,Personal reason,Pastor,Liturgical office,church,Church institutions,Major church",1623-01-30,0.5,0.5,98,significant
3676,https://g17.dhi-roma.it/resources/event_14488,,,Stephanus Saux,Francisci Saux,Saux,Saux,providee,former possessor,1.0,https://g17.dhi-roma.it/resources/institution_491,Rivensis,"apostolic provision,papal grace,Rectorship,Liturgical office",1678-06-18,0.5,0.5,97,significant
7262,https://g17.dhi-roma.it/resources/event_6458,,,Petri Buella,Theodorus Buella,Buella,Buella,former possessor,providee,1.0,https://g17.dhi-roma.it/resources/institution_116,Bobiensis,"apostolic provision,papal grace,death of previous holder,Personal reason,Pastor,Liturgical office,church,Church institutions",1622-09-03,0.5,0.5,216,significant
8092,https://g17.dhi-roma.it/resources/event_9812,,,Joannes Fournet,Joannis Fournet,Fournet,Fournet,providee,former possessor,1.0,https://g17.dhi-roma.it/resources/institution_453,Petrocoricensis,"apostolic provision,papal grace,Rectorship,Liturgical office",1678-02-13,0.5,0.5,339,significant
2837,https://g17.dhi-roma.it/resources/event_8508,,,Emanuel Fernandez,Emanuel Fernandez,Fernandez,Fernandez,providee,current possessor,1.0,https://g17.dhi-roma.it/resources/institution_125,Bracharensis,"apostolic provision,papal grace,Reservation of a pension,Administrative office,Holder of a canonship,Defined administrative office,Canonship and prebend,Church institutions,Collegiate church",1622-05-19,0.5,0.5,124,significant
1744,https://g17.dhi-roma.it/resources/event_3122,,,Leoonis Francisci de Neufville,Ferdinandus de Neufville,Neufville,Neufville,current possessor,providee,1.0,https://g17.dhi-roma.it/resources/institution_495,Rothomagensis,"apostolic provision,papal grace,Cancellation of a pension,Order of Saint Benedict,Orders of the monastic tradition,Office in a monastery,Head of the monastery",1623-01-05,0.5,0.5,91,significant
17,https://g17.dhi-roma.it/resources/event_9191,,,Michaelis ex Gaussen seu Gausses,Michael Gaussen seu Gausses,Gausses,Gausses,former possessor,providee,1.0,https://g17.dhi-roma.it/resources/institution_133,Burdegalensis,"apostolic provision,papal grace,Rectorship,Liturgical office",1678-01-08,0.5,0.5,165,significant
7278,https://g17.dhi-roma.it/resources/event_12637,,,Petrus Berard,Claudy Berard,Berard,Berard,providee,former possessor,1.0,https://g17.dhi-roma.it/resources/institution_1061,Viennensis in Delphinatu,"apostolic provision,papal grace,Administrative office,Sacristan,Defined administrative office,Undefined administrative office,Holder of a dignity",1678-04-30,0.5,0.5,386,significant
6498,https://g17.dhi-roma.it/resources/event_2207,,,Julius Crucianus,Julius Crucianus,Crucianus,Crucianus,current possessor,providee,1.0,https://g17.dhi-roma.it/resources/institution_483,Recanatensis,"Resignation,Personal reason,apostolic provision,papal grace,church,Church institutions,Administrative office,Holder of an undefined benefice,Undefined administrative office,Holder of a benefice",1678-09-02,0.5,0.5,258,significant
7319,https://g17.dhi-roma.it/resources/event_6050,,,Philippi de Haco,Henricus de Haco,Haco,Haco,former possessor,providee,1.0,https://g17.dhi-roma.it/resources/institution_305,Ispalensis,"apostolic provision,papal grace,death of previous holder,Personal reason,church,Church institutions,Archdeacon,Liturgical office",1622-07-19,0.5,0.5,100,significant
7313,https://g17.dhi-roma.it/resources/event_16294,,,Iacobi Morel,Iacobus Morel,Morel,Morel,current possessor,providee,1.0,https://g17.dhi-roma.it/resources/institution_709,Noviomensis,"apostolic provision,papal grace,Cancellation of a pension,Administrative office,Holder of a canonship,Defined administrative office,Canonship and prebend,church,Church institutions",1622-03-15,0.5,0.5,332,significant
2814,https://g17.dhi-roma.it/resources/event_8049,,,Petri Dutourt,Josephus Dutourt,Dutourt,Dutourt,former possessor,providee,1.0,https://g17.dhi-roma.it/resources/institution_349,Lugdunensis,"apostolic provision,papal grace,death of previous holder,Personal reason,Dean,Liturgical office,church,Church institutions,Collegiate church",,0.5,0.5,93,significant
3093,https://g17.dhi-roma.it/resources/event_6437,,,Andrea de Scorano,Hector de Scorano,Scorano,Scorano,former possessor,providee,1.0,https://g17.dhi-roma.it/resources/institution_450,Pennensis,"apostolic provision,papal grace,death of previous holder,Personal reason,Without care of souls",1622-07-18,0.5,0.5,195,significant
51,https://g17.dhi-roma.it/resources/event_16879,,,Petrus de Chivallet,Petri de Chivallet,Chivallet,Chivallet,providee,former possessor,1.0,https://g17.dhi-roma.it/resources/institution_1061,Viennensis in Delphinatu,"Resignation,Personal reason,apostolic provision,papal grace,church,Church institutions",1622-02-26,0.5,0.5,190,significant
7158,https://g17.dhi-roma.it/resources/event_6440,,,Hector de Scorano,Andrea de Scorano,Scorano,Scorano,providee,former possessor,1.0,https://g17.dhi-roma.it/resources/institution_450,Pennensis,"apostolic provision,papal grace,death of previous holder,Personal reason,Without care of souls",1622-07-18,0.5,0.5,195,significant
7562,https://g17.dhi-roma.it/resources/event_673,,,Antonius Malabarba,Joannis Malabarba,Malabarba,Malabarba,providee,former possessor,1.0,https://g17.dhi-roma.it/resources/institution_694,Patavina,"apostolic provision,papal grace,death of previous holder,Personal reason,church,Church institutions,Administrative office,Holder of an undefined benefice,Undefined administrative office,Holder of a clerical benefice,Holder of a benefice",1622-09-28,0.5,0.5,64,significant
7685,https://g17.dhi-roma.it/resources/event_8707,,,Ludovici et Daniel,Ioannes Egidius Daniel,Daniel,Daniel,former possessor,providee,1.0,https://g17.dhi-roma.it/resources/institution_133,Burdegalensis,"Placing a commenda,apostolic provision,papal grace,Administrative reason,cession,Prior,Office in a monastery,Order of Saint Augustine,Regular canons,With care of souls",1677-12-05,0.5,0.5,218,significant
8659,https://g17.dhi-roma.it/resources/event_6563,,,Franciscus Lescout,Petri Daux de Lescout,Lescout,Lescout,providee,former possessor,1.0,https://g17.dhi-roma.it/resources/institution_206,Condomiensis,"apostolic provision,papal grace,death of previous holder,Personal reason,Dean,Liturgical office,Church institutions,Collegiate church",1678-07-08,0.5,0.5,73,significant
7702,https://g17.dhi-roma.it/resources/event_14288,,,Ludovici Lamour,Guillelmus Lamour,Lamour,Lamour,former possessor,providee,1.0,https://g17.dhi-roma.it/resources/institution_620,Venetensis,"Resignation,Personal reason,apostolic provision,papal grace,Rectorship,Liturgical office",1678-06-03,0.5,0.5,159,significant
4419,https://g17.dhi-roma.it/resources/event_2961,,,Ioannes Erard,Petri de Erard,Erard,Erard,providee,former possessor,1.0,https://g17.dhi-roma.it/resources/institution_45,Ambianensis,"apostolic provision,papal grace,Pastor,Liturgical office,church,Church institutions",1622-02-26,0.5,0.5,461,significant
1683,https://g17.dhi-roma.it/resources/event_9411,,,Leonardus Veyrier,Jois Veyrier,Veyrier,Veyrier,providee,former possessor,1.0,https://g17.dhi-roma.it/resources/institution_327,Lemovicensis,"apostolic provision,papal grace,Administrative office,Holder of a canonship,Defined administrative office,Canonship and prebend,Priory,Monastic institutions,Canonship,Regular canons,Order of Saint Anthony",1678-01-23,0.5,0.5,194,significant
8336,https://g17.dhi-roma.it/resources/event_5819,,,Oduardi da Costa,Hieronimus Da Costa,Costa,Costa,former possessor,providee,1.0,https://g17.dhi-roma.it/resources/institution_593,Ulixboniensis,"apostolic provision,papal grace,death of previous holder,Personal reason,Administrative office,Holder of an undefined benefice,Undefined administrative office,Holder of a benefice",1622-06-10,0.5,0.5,270,significant
531,https://g17.dhi-roma.it/resources/event_2033,,,Petrus de Molis,Petrus de Molis,Molis,Molis,providee,current possessor,1.0,https://g17.dhi-roma.it/resources/institution_276,Gebennensis,"Resignation,Personal reason,apostolic provision,papal grace,Rectorship,Liturgical office,Parish Church,Church institutions",1678-06-27,0.5,0.5,288,significant
9105,https://g17.dhi-roma.it/resources/event_12488,,,Petrus de Pons,Ludovici Cesaris de Pons,Pons,Pons,providee,former possessor,1.0,https://g17.dhi-roma.it/resources/institution_352,Macleviensis,"Placing a commenda,apostolic provision,papal grace,Administrative reason,cession,Prior,Office in a monastery",1678-04-15,0.5,0.5,195,significant
5795,https://g17.dhi-roma.it/resources/event_2235,,,Andreas Sanchez de Villamayor,Andreas Sanchez de Villamayor,Villamayor,Villamayor,providee,former possessor,1.0,https://g17.dhi-roma.it/resources/institution_305,Ispalensis,"Resignation,Personal reason,apostolic provision,papal grace,Parish Church,Church institutions,Administrative office,Holder of an undefined benefice,Undefined administrative office,Holder of a benefice",1678-06-01,0.5,0.5,70,significant
3762,https://g17.dhi-roma.it/resources/event_8862,,,Claudius Bouzitat,Francisci Bouzitat,Bouzitat,Bouzitat,providee,former possessor,1.0,https://g17.dhi-roma.it/resources/institution_418,Nivernensis,"Placing a commenda,apostolic provision,papal grace,Administrative office,Holder of a canonship,Defined administrative office,Canonship and prebend,church,Church institutions",1677-12-12,0.5,0.5,57,significant
4512,https://g17.dhi-roma.it/resources/event_4811,,,Didaci et de Avitaya,Alexander seu Alisander de Avitaya,Avitaya,Avitaya,former possessor,providee,1.0,https://g17.dhi-roma.it/resources/institution_338,Litterensis,"apostolic provision,papal grace,death of previous holder,Personal reason,Administrative office,Holder of an undefined benefice,Undefined administrative office,Holder of a benefice",,0.5,0.5,19,significant
4446,https://g17.dhi-roma.it/resources/event_7305,,,Joannis Baptistae et Battaglia,Theodonis Battaglia,Battaglia,Battaglia,former possessor,providee,1.0,https://g17.dhi-roma.it/resources/institution_542,Squillacensis,"apostolic provision,papal grace,Referral to a higher authority,death of previous holder,Personal reason,Administrative office,Holder of an undefined benefice,Undefined administrative office,Holder of a benefice",1678-09-28,0.5,0.5,51,significant
544,https://g17.dhi-roma.it/resources/event_5759,,,Antonii Salemoni,Ioannes Salemoni,Salemoni,Salemoni,former possessor,providee,1.0,https://g17.dhi-roma.it/resources/institution_450,Pennensis,"apostolic provision,papal grace,death of previous holder,Personal reason,Administrative office,Holder of a canonship,Defined administrative office,Canonship and prebend,Church institutions,Collegiate church",1622-06-13,0.5,0.5,157,significant
9084,https://g17.dhi-roma.it/resources/event_9513,,,Jacobi est Thomas,Jacobus Thomas,Thomas,Thomas,former possessor,providee,1.0,https://g17.dhi-roma.it/resources/institution_497,Rupellensis,"apostolic provision,papal grace,Pastor,Liturgical office,church,Church institutions,Parish Church",1677-12-29,0.5,0.5,136,significant
4439,https://g17.dhi-roma.it/resources/event_5287,,,Iacobi Dinelli,Ioannes Vassa Dinelli,Dinelli,Dinelli,former possessor,providee,1.0,https://g17.dhi-roma.it/resources/institution_460,Placentina provinciae Bononiensis,"apostolic provision,papal grace,death of previous holder,Personal reason,Administrative office,Holder of a canonship,Defined administrative office,Canonship and prebend,Parish Church,Church institutions,Holder of an undefined benefice,Undefined administrative office,Holder of a benefice",1622-02-22,0.5,0.5,144,significant
4430,https://g17.dhi-roma.it/resources/event_7128,,,Bartholomei extra Roca,Thomas Roca,Roca,Roca,former possessor,providee,1.0,https://g17.dhi-roma.it/resources/institution_605,Valentina,"apostolic provision,papal grace,death of previous holder,Personal reason,Pastor,Liturgical office,church,Church institutions",1678-07-23,0.5,0.5,187,significant
6409,https://g17.dhi-roma.it/resources/event_6971,,,Ippolitus Sormani,Caroli Fran.ci Sormani,Sormani,Sormani,providee,former possessor,1.0,https://g17.dhi-roma.it/resources/institution_369,Mediolanensis,"apostolic provision,papal grace,death of previous holder,Personal reason,Pastor,Liturgical office,Parish Church,Church institutions",1678-06-02,0.5,0.5,206,significant
804,https://g17.dhi-roma.it/resources/event_8008,,,Stephanus de Four,Frances est de Four,Four,Four,providee,former possessor,1.0,https://g17.dhi-roma.it/resources/institution_104,Bellovacensis,"Placing a commenda,apostolic provision,papal grace,death of previous holder,Personal reason,Order of Cluny,Orders of the monastic tradition,Prior,Office in a monastery",1677-12-29,0.5,0.5,221,significant
5734,https://g17.dhi-roma.it/resources/event_13496,,,Andree de Joannis,Carolus de Joannis,Joannis,Joannis,former possessor,providee,1.0,https://g17.dhi-roma.it/resources/institution_610,Vapincensis,"Placing a commenda,apostolic provision,papal grace,Administrative reason,cession,Prior,Office in a monastery",1678-05-20,0.5,0.5,179,significant
5732,https://g17.dhi-roma.it/resources/event_16098,,,Carolus Berardier,Francisci et Berardier,Berardier,Berardier,providee,former possessor,1.0,https://g17.dhi-roma.it/resources/institution_138,Cabilonensis,"apostolic provision,papal grace,Rectorship,Liturgical office",1677-10-16,0.5,0.5,378,significant
1628,https://g17.dhi-roma.it/resources/event_4810,,,Didaci et de Avitaya,Alexander seu Alisander de Avitaya,Avitaya,Avitaya,former possessor,providee,1.0,https://g17.dhi-roma.it/resources/institution_338,Litterensis,"apostolic provision,papal grace,death of previous holder,Personal reason,Rectorship,Liturgical office",,0.5,0.5,19,significant
5731,https://g17.dhi-roma.it/resources/event_5762,,,Ioannis Francisci et Cesera,Ioannes Iacobus Cesera,Cesera,Cesera,former possessor,providee,1.0,https://g17.dhi-roma.it/resources/institution_208,Consanensis,"apostolic provision,papal grace,death of previous holder,Personal reason,Without care of souls",1622-06-13,0.5,0.5,211,significant
874,https://g17.dhi-roma.it/resources/event_440,,,Michaelis Jois Baptistae Ollier de Verneuil,Joannes Jacobus Ollier de Verneuil,Verneuil,Verneuil,former possessor,providee,1.0,https://g17.dhi-roma.it/resources/institution_711,Constantiensis provincia rothomagen,"Placing a commenda,apostolic provision,papal grace,Prior,Office in a monastery,Order of Saint Benedict,Orders of the monastic tradition,Priory,Monastic institutions",1677-10-08,0.5,0.5,126,significant
9057,https://g17.dhi-roma.it/resources/event_9527,,,Renati Francisci de Bonu,Franciscus Philippus de Bonu,Bonu,Bonu,former possessor,providee,1.0,https://g17.dhi-roma.it/resources/institution_497,Rupellensis,"Placing a commenda,apostolic provision,papal grace,Prior,Office in a monastery,Order of Saint Benedict,Orders of the monastic tradition",1678-01-02,0.5,0.5,245,significant
1307,https://g17.dhi-roma.it/resources/event_2841,,,Lutii Roccamora,Donatus Antonius Roccamora,Roccamora,Roccamora,former possessor,providee,1.0,https://g17.dhi-roma.it/resources/institution_414,Neritonensis,"Resignation,Personal reason,apostolic provision,papal grace,Administrative office,Holder of a canonship,Defined administrative office,Canonship and prebend,church,Church institutions",1622-02-14,0.5,0.5,31,significant
4584,https://g17.dhi-roma.it/resources/event_5761,,,Ioannes Iacobus Cesera,Ioannis Francisci et Cesera,Cesera,Cesera,providee,former possessor,1.0,https://g17.dhi-roma.it/resources/institution_703,Sancti Angeli de Lombardis,"apostolic provision,papal grace,death of previous holder,Personal reason,Without care of souls",1622-06-13,0.5,0.5,211,significant
596,https://g17.dhi-roma.it/resources/event_12573,,,Francisci Bompas,Petrus Bompas,Bompas,Bompas,former possessor,providee,1.0,https://g17.dhi-roma.it/resources/institution_50,Andegavensis,"apostolic provision,papal grace,Rectorship,Liturgical office",1678-04-23,0.5,0.5,137,significant
5956,https://g17.dhi-roma.it/resources/event_15913,,,Jacobi Auuray,Franciscus Auuray,Auuray,Auuray,former possessor,providee,1.0,https://g17.dhi-roma.it/resources/institution_94,Baiocensis,"apostolic provision,papal grace,Administrative office,Holder of a canonship,Defined administrative office,Canonship and prebend,church,Church institutions",1678-08-04,0.5,0.5,77,significant
8480,https://g17.dhi-roma.it/resources/event_3059,,,Nicolaus de Pelatis,Petri de Pelatis,Pelatis,Pelatis,providee,former possessor,1.0,https://g17.dhi-roma.it/resources/institution_460,Placentina provinciae Bononiensis,"Resignation,Personal reason,apostolic provision,papal grace,church,Church institutions,Administrative office,Holder of an undefined benefice,Undefined administrative office,Holder of a clerical benefice,Holder of a benefice",1622-02-25,0.5,0.5,302,significant
8544,https://g17.dhi-roma.it/resources/event_15664,,,Joes Barbotto,Francisci Barbotto,Barbotto,Barbotto,providee,former possessor,1.0,https://g17.dhi-roma.it/resources/institution_243,Augustodunensis,"apostolic provision,papal grace,Administrative office,Holder of a canonship,Defined administrative office,Canonship and prebend,Church institutions,Collegiate church",,0.5,0.5,100,significant
811,https://g17.dhi-roma.it/resources/event_8672,,,Lucas Bugy,Petri Bugy,Bugy,Bugy,providee,former possessor,1.0,https://g17.dhi-roma.it/resources/institution_85,Aurelianensis,"apostolic provision,papal grace,death of previous holder,Personal reason,Administrative office,Holder of a canonship,Defined administrative office,Canonship and prebend,church,Church institutions",1677-11-22,0.5,0.5,53,significant
5768,https://g17.dhi-roma.it/resources/event_6683,,,Bartholomeus de Gratianis,Christiani de Gratianis,Gratianis,Gratianis,providee,former possessor,1.0,https://g17.dhi-roma.it/resources/institution_180,Cenetensis,"apostolic provision,papal grace,death of previous holder,Personal reason,church,Church institutions,Administrative office,Holder of an undefined benefice,Undefined administrative office,Holder of a benefice",1678-02-19,0.5,0.5,258,significant
9289,https://g17.dhi-roma.it/resources/event_9514,,,Jacobi est Thomas,Jacobus Thomas,Thomas,Thomas,former possessor,providee,1.0,https://g17.dhi-roma.it/resources/institution_497,Rupellensis,"apostolic provision,papal grace,Pastor,Liturgical office,church,Church institutions",1677-12-29,0.5,0.5,136,significant
1574,https://g17.dhi-roma.it/resources/event_13209,,,Joannes AMantius Courtois,Petri ex Courtois,Courtois,Courtois,providee,former possessor,1.0,https://g17.dhi-roma.it/resources/institution_499,Ruthenensis,"apostolic provision,papal grace,Rectorship,Liturgical office",,0.5,0.5,203,significant
5618,https://g17.dhi-roma.it/resources/event_15437,,,Joannes predictus,Petri predictus,Predictus,Predictus,providee,former possessor,1.0,https://g17.dhi-roma.it/resources/institution_487,Remensis,"Resignation,Personal reason,apostolic provision,papal grace,Administrative office,Holder of a canonship,Defined administrative office,Canonship and prebend,church,Church institutions",1678-07-01,0.5,0.5,586,significant
8971,https://g17.dhi-roma.it/resources/event_15807,,,Guillelmi Nicolai de Paris,Thomas de Paris,Paris,Paris,former possessor,providee,1.0,https://g17.dhi-roma.it/resources/institution_104,Bellovacensis,"Placing a commenda,apostolic provision,papal grace,Prior,Office in a monastery,Order of Saint Benedict,Orders of the monastic tradition",1678-07-29,0.5,0.5,625,significant
9033,https://g17.dhi-roma.it/resources/event_16326,,,Ioannes Iarrener,Hugonis Iarrener,Iarrener,Iarrener,providee,former possessor,1.0,https://g17.dhi-roma.it/resources/institution_336,Lingonensis,"Resignation,Personal reason,apostolic provision,papal grace,Administrative office,Holder of a canonship,Defined administrative office,Canonship and prebend",,0.5,0.5,112,significant
3807,https://g17.dhi-roma.it/resources/event_8879,,,Philiberti et Grattet,Joannes Baptistae Grattet,Grattet,Grattet,former possessor,providee,1.0,https://g17.dhi-roma.it/resources/institution_455,Pictaviensis,"Placing a commenda,apostolic provision,papal grace,Prior,Office in a monastery,Order of Saint Benedict,Orders of the monastic tradition",1677-12-12,0.5,0.5,76,significant
5855,https://g17.dhi-roma.it/resources/event_2106,,,Guilelmi Galerne,Guilelmi Galerne,Galerne,Galerne,former possessor,current possessor,1.0,https://g17.dhi-roma.it/resources/institution_216,Corisopitensis,"apostolic provision,papal grace,Sanction,Incompatibility,Rectorship,Liturgical office,Parish Church,Church institutions",1677-10-05,0.5,0.5,257,significant
5861,https://g17.dhi-roma.it/resources/event_8204,,,Nicolai et du Pire,Robertus du Pire,Pire,Pire,former possessor,providee,1.0,https://g17.dhi-roma.it/resources/institution_547,Suessionensis,"apostolic provision,papal grace,Administrative office,Holder of a canonship,Defined administrative office,Canonship and prebend,Church institutions,Collegiate church",1677-10-16,0.5,0.5,239,significant
9007,https://g17.dhi-roma.it/resources/event_3216,,,Franciscus Paschalis,Juliani et Paschalis,Paschalis,Paschalis,providee,former possessor,1.0,https://g17.dhi-roma.it/resources/institution_142,Caietana,"apostolic provision,papal grace,death of previous holder,Personal reason,Administrative office,Holder of an undefined benefice,Undefined administrative office,Holder of a benefice",1677-10-06,0.5,0.5,147,significant
708,https://g17.dhi-roma.it/resources/event_16377,,,Jacobus Ontherin,Laudii Ontherin,Ontherin,Ontherin,providee,former possessor,1.0,https://g17.dhi-roma.it/resources/institution_111,Bisuntina,"Resignation,Personal reason,apostolic provision,papal grace,Pastor,Liturgical office,Parish Church,Church institutions",1622-05-04,0.5,0.5,161,significant
4362,https://g17.dhi-roma.it/resources/event_9193,,,Carolus de Bellenox,Emanuelis Philberti de Bellenox,Bellenox,Bellenox,providee,former possessor,1.0,https://g17.dhi-roma.it/resources/institution_160,Carnotensis,"Placing a commenda,apostolic provision,papal grace,Prior,Office in a monastery,Order of Saint Benedict,Orders of the monastic tradition",1678-01-08,0.5,0.5,60,significant
1596,https://g17.dhi-roma.it/resources/event_580,,,Carolus David Saxaville,Ioannis Davidis Saxaville,Saxaville,Saxaville,providee,former possessor,1.0,https://g17.dhi-roma.it/resources/institution_262,Florentina,"apostolic provision,papal grace,death of previous holder,Personal reason,Pastor,Liturgical office,Church institutions,Chapel",1622-12-20,0.5,0.5,118,significant
8658,https://g17.dhi-roma.it/resources/event_16324,,,Franciscus Pontei,Balthasaris Pontei,Pontei,Pontei,providee,current possessor,1.0,https://g17.dhi-roma.it/resources/institution_348,Lucionensis,"apostolic provision,papal grace,Reservation of a pension,Office in a monastery,Head of the monastery",1622-04-11,0.5,0.5,288,significant
5892,https://g17.dhi-roma.it/resources/event_863,,,Mederus Rosa,Fabritii Rosa,Rosa,Rosa,providee,former possessor,1.0,https://g17.dhi-roma.it/resources/institution_405,Narniensis,"apostolic provision,papal grace,death of previous holder,Personal reason,Administrative office,Holder of a canonship,Defined administrative office,Canonship and prebend,Church institutions,Collegiate church",1622-11-21,0.5,0.5,283,significant
9424,https://g17.dhi-roma.it/resources/event_15808,,,Guillelmi Nicolai de Paris,Thomas de Paris,Paris,Paris,former possessor,providee,1.0,https://g17.dhi-roma.it/resources/institution_50,Andegavensis,"Placing a commenda,apostolic provision,papal grace,Prior,Office in a monastery,Order of Saint Benedict,Orders of the monastic tradition",1678-07-29,0.5,0.5,625,significant
3803,https://g17.dhi-roma.it/resources/event_15612,,,Guilelmus de Queralbault,Ludovici Queralbault,Queralbault,Queralbault,providee,former possessor,1.0,https://g17.dhi-roma.it/resources/institution_620,Venetensis,"Placing a commenda,apostolic provision,papal grace,Administrative reason,cession,Prior,Office in a monastery",1678-07-08,0.5,0.5,54,significant
5582,https://g17.dhi-roma.it/resources/event_6431,,,Andrea de Scorano,Hector de Scorano,Scorano,Scorano,former possessor,providee,1.0,https://g17.dhi-roma.it/resources/institution_450,Pennensis,"apostolic provision,papal grace,death of previous holder,Personal reason,Without care of souls,Office in a monastery,Abbot",1622-07-18,0.5,0.5,195,significant
8969,https://g17.dhi-roma.it/resources/event_17603,,,Philippi Thoreau,Josephus Dominicus Thoreau,Thoreau,Thoreau,former possessor,providee,1.0,https://g17.dhi-roma.it/resources/institution_236,Dolensis,"apostolic provision,papal grace,Parish Church,Church institutions",,0.5,0.5,212,significant
1556,https://g17.dhi-roma.it/resources/event_5396,,,Emiliani de Orfanianis,Moutelucius de Orfanianis,Orfanianis,Orfanianis,former possessor,providee,1.0,https://g17.dhi-roma.it/resources/institution_69,Aretina,"apostolic provision,papal grace,death of previous holder,Personal reason,Church institutions,Parish hall,Parish Church,Administrative office,Holder of an undefined benefice,Undefined administrative office,Holder of a benefice",1622-03-17,0.5,0.5,174,significant
8968,https://g17.dhi-roma.it/resources/event_8864,,,Claudius Bouzitat,Francisci Bouzitat,Bouzitat,Bouzitat,providee,former possessor,1.0,https://g17.dhi-roma.it/resources/institution_332,Lexoviensis,"Placing a commenda,apostolic provision,papal grace,Prior,Office in a monastery",1677-12-12,0.5,0.5,57,significant
4331,https://g17.dhi-roma.it/resources/event_15657,,,Jois Vieville,Bernardus Vieville,Vieville,Vieville,former possessor,providee,1.0,https://g17.dhi-roma.it/resources/institution_113,Biterensis,"Resignation,Personal reason,apostolic provision,papal grace,Administrative office,Holder of a canonship,Defined administrative office,Canonship and prebend",,0.5,0.5,153,significant
6341,https://g17.dhi-roma.it/resources/event_9528,,,Renati Francisci de Bonu,Franciscus Philippus de Bonu,Bonu,Bonu,former possessor,providee,1.0,https://g17.dhi-roma.it/resources/institution_497,Rupellensis,"Placing a commenda,apostolic provision,papal grace,Prior,Office in a monastery,Order of Saint Benedict,Orders of the monastic tradition",1678-01-02,0.5,0.5,245,significant
8952,https://g17.dhi-roma.it/resources/event_8863,,,Claudius Bouzitat,Francisci Bouzitat,Bouzitat,Bouzitat,providee,former possessor,1.0,https://g17.dhi-roma.it/resources/institution_160,Carnotensis,"Placing a commenda,apostolic provision,papal grace,Prior,Office in a monastery",1677-12-12,0.5,0.5,57,significant
8935,https://g17.dhi-roma.it/resources/event_6114,,,Ioannes de Vargas,Michaelis de Vargas,Vargas,Vargas,providee,former possessor,1.0,https://g17.dhi-roma.it/resources/institution_204,Conchensis,"deceased in Rome,apostolic provision,papal grace,death of previous holder,Personal reason,church,Church institutions",,0.5,0.5,161,significant
8929,https://g17.dhi-roma.it/resources/event_8506,,,Rochus da Fonsequa,Rochus da Fonsequa,Fonsequa,Fonsequa,providee,current possessor,1.0,https://g17.dhi-roma.it/resources/institution_593,Ulixboniensis,"apostolic provision,papal grace,Reservation of a pension,Parish Church,Church institutions,Administrative office,Holder of an undefined benefice,Undefined administrative office,Holder of a benefice",,0.5,0.5,30,significant
9036,https://g17.dhi-roma.it/resources/event_8259,,,Stipsani et Curtil,Claudius Curtil,Curtil,Curtil,former possessor,providee,1.0,https://g17.dhi-roma.it/resources/institution_349,Lugdunensis,"apostolic provision,papal grace,Rectorship,Liturgical office",1677-10-23,0.5,0.5,107,significant
1345,https://g17.dhi-roma.it/resources/event_6131,,,Carolus Danid Saxaville,Ioannis Da Saxaville,Saxaville,Saxaville,providee,former possessor,1.0,https://g17.dhi-roma.it/resources/institution_262,Florentina,"apostolic provision,papal grace,death of previous holder,Personal reason,Church institutions,Collegiate church,Administrative office,Undefined administrative office,Holder of a benefice in a church,Holder of a benefice",1622-07-28,0.5,0.5,118,significant
6334,https://g17.dhi-roma.it/resources/event_15457,,,Nicolai Colin,Joannes Colin,Colin,Colin,former possessor,providee,1.0,https://g17.dhi-roma.it/resources/institution_487,Remensis,"apostolic provision,papal grace,Pastor,Liturgical office,church,Church institutions",1678-07-01,0.5,0.5,388,significant
4717,https://g17.dhi-roma.it/resources/event_10226,,,Petri Domere,Petrus Domere,Domere,Domere,former possessor,providee,1.0,https://g17.dhi-roma.it/resources/institution_552,Tarbiensis,"apostolic provision,papal grace,death of previous holder,Personal reason,Rectorship,Liturgical office",1678-02-25,0.5,0.5,158,significant
1163,https://g17.dhi-roma.it/resources/event_10176,,,Leonardus de Jehan,Bertrandi Francisci de Jehan,Jehan,Jehan,providee,former possessor,1.0,https://g17.dhi-roma.it/resources/institution_133,Burdegalensis,"apostolic provision,papal grace,Rectorship,Liturgical office",1678-02-25,0.5,0.5,60,significant
1490,https://g17.dhi-roma.it/resources/event_7805,,,Carolus David Saxaville,Ioannis Saxaville,Saxaville,Saxaville,providee,former possessor,1.0,https://g17.dhi-roma.it/resources/institution_262,Florentina,"apostolic provision,papal grace,death of previous holder,Personal reason,Pastor,Liturgical office,Church institutions,Collegiate church",1622-06-16,0.5,0.5,118,significant
652,https://g17.dhi-roma.it/resources/event_1764,,,Thomas Horatii de Punto,Vincentii de Punto,Punto,Punto,providee,former possessor,1.0,https://g17.dhi-roma.it/resources/institution_457,Pisana,"apostolic provision,papal grace,death of previous holder,Personal reason,Pastor,Liturgical office,church,Church institutions",1622-12-05,0.5,0.5,70,significant
8495,https://g17.dhi-roma.it/resources/event_16632,,,Antonii Lucan,Claudius Lucan,Lucan,Lucan,former possessor,providee,1.0,https://g17.dhi-roma.it/resources/institution_276,Gebennensis,"Resignation,Personal reason,Exchange,Administrative reason,apostolic provision,papal grace,Rectorship,Liturgical office",1622-10-31,0.5,0.5,164,significant
1529,https://g17.dhi-roma.it/resources/event_8205,,,Robertus du Pire,Nicolai et du Pire,Pire,Pire,providee,former possessor,1.0,https://g17.dhi-roma.it/resources/institution_547,Suessionensis,"apostolic provision,papal grace,Pastor,Liturgical office,Church institutions,Major church",1677-10-16,0.5,0.5,239,significant
1513,https://g17.dhi-roma.it/resources/event_2214,,,Didacus de Sales y Tarasola,Didacus de Sales y Tarasola,Tarasola,Tarasola,current possessor,providee,1.0,https://g17.dhi-roma.it/resources/institution_707,Calceatensis,"apostolic provision,papal grace,Assistance by a coadjutor,Assignment,Administrative office,Undefined administrative office,Holder of a portion,church,Church institutions",1678-09-21,0.5,0.5,66,significant
1375,https://g17.dhi-roma.it/resources/event_6434,,,Andrea de Scorano,Hector de Scorano,Scorano,Scorano,former possessor,providee,1.0,https://g17.dhi-roma.it/resources/institution_450,Pennensis,"apostolic provision,papal grace,death of previous holder,Personal reason,Without care of souls",1622-07-18,0.5,0.5,195,significant
519,https://g17.dhi-roma.it/resources/event_1646,,,Franciscus Bartholomeus Neret,Caroli Francisci Neret,Neret,Neret,providee,former possessor,1.0,https://g17.dhi-roma.it/resources/institution_497,Rupellensis,"Placing a commenda,apostolic provision,papal grace,death of previous holder,Personal reason,Prior,Office in a monastery,Order of Saint Benedict,Orders of the monastic tradition,Priory,Monastic institutions",1677-10-08,0.5,0.5,307,significant
4237,https://g17.dhi-roma.it/resources/event_16387,,,Joannis du Moulin,Egidius du Moulin,Moulin,Moulin,former possessor,providee,1.0,https://g17.dhi-roma.it/resources/institution_94,Baiocensis,"Resignation,Personal reason,apostolic provision,papal grace,Rectorship,Liturgical office",1622-05-12,0.5,0.5,260,significant
5988,https://g17.dhi-roma.it/resources/event_3850,,,Honofrius Masdera,Michaelis Masdera,Masdera,Masdera,providee,former possessor,1.0,https://g17.dhi-roma.it/resources/institution_555,Tarraconensis,"apostolic provision,papal grace,Administrative office,Undefined administrative office,Holder of a benefice in a church,Holder of a benefice",1622-05-01,0.5,0.5,215,significant
5595,https://g17.dhi-roma.it/resources/event_8178,,,Julianus Marie,Francisci de S Marie,Marie,Marie,providee,former possessor,1.0,https://g17.dhi-roma.it/resources/institution_160,Carnotensis,"apostolic provision,papal grace,Sanction,Incompatibility,Rectorship,Liturgical office",1677-10-16,0.5,0.5,930,significant
4230,https://g17.dhi-roma.it/resources/event_16174,,,Geraldus predictus,Joannis predictus,Predictus,Predictus,providee,former possessor,1.0,https://g17.dhi-roma.it/resources/institution_139,Cadurcensis,"Resignation,Personal reason,apostolic provision,papal grace,Rectorship,Liturgical office",1677-10-23,0.5,0.5,586,significant
1296,https://g17.dhi-roma.it/resources/event_2240,,,Joannes De Catantoma Mendoza y Montenegro,Joannes De Catantoma Mendoza y Montenegro,Montenegro,Montenegro,providee,current possessor,1.0,https://g17.dhi-roma.it/resources/institution_203,Compostellana,"apostolic provision,papal grace,Administrative reason,cession,Administrative office,Holder of a canonship,Defined administrative office,Canonship and prebend,church,Church institutions",1678-03-07,0.5,0.5,67,significant
486,https://g17.dhi-roma.it/resources/event_8198,,,Jois Basset,Jois et Basset Presbiteri,Basset,Basset,providee,former possessor,1.0,https://g17.dhi-roma.it/resources/institution_349,Lugdunensis,"apostolic provision,papal grace,Monastery,Monastic institutions,Prior,Office in a monastery,Pastor,Liturgical office,church,Church institutions",1677-10-16,0.5,0.5,248,significant
4069,https://g17.dhi-roma.it/resources/event_1654,,,Caroli Francisci Neret,Franciscus Bartholomeus Neret,Neret,Neret,former possessor,providee,1.0,https://g17.dhi-roma.it/resources/institution_497,Rupellensis,"Placing a commenda,apostolic provision,papal grace,death of previous holder,Personal reason,Prior,Office in a monastery,Order of Saint Benedict,Orders of the monastic tradition,Priory,Monastic institutions",1677-10-08,0.5,0.5,307,significant
633,https://g17.dhi-roma.it/resources/event_2317,,,Paulus Bouyn,Paulus Bouyn,Bouyn,Bouyn,current possessor,providee,1.0,https://g17.dhi-roma.it/resources/institution_323,Lectoriensis,"apostolic provision,papal grace,Prior,Office in a monastery,Priory,Monastic institutions",1677-10-08,0.5,0.5,192,significant
1702,https://g17.dhi-roma.it/resources/event_1517,,,Bernardus Gonzalez de la Cuesta,Bernardus Gonzalez de la Cuesta,Cuesta,Cuesta,current possessor,providee,1.0,https://g17.dhi-roma.it/resources/institution_176,Cauriensis,"Resignation,Personal reason,apostolic provision,papal grace,Administrative office,Sexton,Defined administrative office,Parish Church,Church institutions",1678-01-12,0.5,0.5,154,significant
8576,https://g17.dhi-roma.it/resources/event_16265,,,Stephani est de Segny,Petrus de Segny,Segny,Segny,former possessor,providee,1.0,https://g17.dhi-roma.it/resources/institution_139,Cadurcensis,"apostolic provision,papal grace,Administrative office,Holder of a canonship,Defined administrative office,Canonship and prebend,Cantorate,Undefined administrative office,Holder of a dignity",1677-12-29,0.5,0.5,56,significant
6869,https://g17.dhi-roma.it/resources/event_6450,,,Gasparis Farfusuta,Augustinus Farfusuta,Farfusuta,Farfusuta,former possessor,providee,1.0,https://g17.dhi-roma.it/resources/institution_625,Veronensis,"deceased in Rome,apostolic provision,papal grace,death of previous holder,Personal reason,Pastor,Liturgical office,church,Church institutions",1622-07-19,0.5,0.5,23,significant
3451,https://g17.dhi-roma.it/resources/event_4222,,,Emanuelis Reiiman Senioris,Emanuel Reiiman,Reiiman,Reiiman,former possessor,providee,1.0,https://g17.dhi-roma.it/resources/institution_313,Lamacensis,"Resignation,Personal reason,apostolic provision,papal grace,Rectorship,Liturgical office,Office in a monastery,Abbot",,0.5,0.5,59,significant
2318,https://g17.dhi-roma.it/resources/event_10910,,,Guillelmi Gondovin,Matheus seu Mace Gondovin,Gondovin,Gondovin,former possessor,providee,1.0,https://g17.dhi-roma.it/resources/institution_501,Sagiensis,"apostolic provision,papal grace,Rectorship,Liturgical office",1678-04-02,0.5,0.5,46,significant
297,https://g17.dhi-roma.it/resources/event_351,,,Ioannis Davidis Saxaville,Carolus David Saxaville,Saxaville,Saxaville,former possessor,providee,1.0,https://g17.dhi-roma.it/resources/institution_262,Florentina,"apostolic provision,papal grace,death of previous holder,Personal reason,Pastor,Liturgical office,Church institutions,Chapel",1622-12-20,0.5,0.5,118,significant
9579,https://g17.dhi-roma.it/resources/event_16243,,,Jacobus Thomas,Jacobi et Thomas,Thomas,Thomas,providee,former possessor,1.0,https://g17.dhi-roma.it/resources/institution_50,Andegavensis,"apostolic provision,papal grace,Pastor,Liturgical office,Church institutions,Collegiate church",1677-12-12,0.5,0.5,136,significant
6930,https://g17.dhi-roma.it/resources/event_16595,,,Monetrus de Loche,Jacobi de Loche,Loche,Loche,providee,former possessor,1.0,https://g17.dhi-roma.it/resources/institution_276,Gebennensis,"Placing a commenda,apostolic provision,papal grace,Administrative reason,cession,Order of Cluny,Orders of the monastic tradition,Prior,Office in a monastery",1622-09-24,0.5,0.5,187,significant
7741,https://g17.dhi-roma.it/resources/event_9120,,,Philibertus Gillot,Claudii Gillot,Gillot,Gillot,providee,former possessor,1.0,https://g17.dhi-roma.it/resources/institution_243,Augustodunensis,"apostolic provision,papal grace,Rectorship,Liturgical office",1677-12-29,0.5,0.5,166,significant
3209,https://g17.dhi-roma.it/resources/event_12648,,,Hiacinthus de la Lande,Renati Joannis de la Lande,Lande,Lande,providee,former possessor,1.0,https://g17.dhi-roma.it/resources/institution_127,Briocensis,"Placing a commenda,apostolic provision,papal grace,Prior,Office in a monastery,Order of Saint Benedict,Orders of the monastic tradition",1678-04-30,0.5,0.5,414,significant
304,https://g17.dhi-roma.it/resources/event_2203,,,Julius Crucianus,Julius Crucianus,Crucianus,Crucianus,providee,current possessor,1.0,https://g17.dhi-roma.it/resources/institution_483,Recanatensis,"Resignation,Personal reason,apostolic provision,papal grace,church,Church institutions,Administrative office,Holder of an undefined benefice,Undefined administrative office,Holder of a benefice",1678-08-27,0.5,0.5,258,significant
3208,https://g17.dhi-roma.it/resources/event_2934,,,Mutius de Rosis,Magistri Stephanis Rosis,Rosis,Rosis,providee,former possessor,1.0,https://g17.dhi-roma.it/resources/institution_318,Laudensis,"Resignation,Personal reason,apostolic provision,papal grace,Administrative office,Holder of a canonship,Defined administrative office,Canonship and prebend,Parish Church,Church institutions,Holder of an undefined benefice,Undefined administrative office,Holder of a benefice",1622-02-26,0.5,0.5,440,significant
5010,https://g17.dhi-roma.it/resources/event_2201,,,Sebastianus de Roei,Sebastianus de Roei,Roei,Roei,current possessor,providee,1.0,https://g17.dhi-roma.it/resources/institution_528,Segobiensis,"apostolic provision,papal grace,Assistance by a coadjutor,Assignment,Administrative office,Holder of a canonship,Defined administrative office,Canonship and prebend,church,Church institutions",1678-07-06,0.5,0.5,297,significant
2348,https://g17.dhi-roma.it/resources/event_3204,,,Joannis de Petria,Joannes Laurentius Petria,Petria,Petria,former possessor,providee,1.0,https://g17.dhi-roma.it/resources/institution_668,Vercellensis,"apostolic provision,papal grace,According to the constitution of Pius V.,death of previous holder,Personal reason,Administrative office,Undefined administrative office,Holder of a portion,Parish Church,Church institutions",1677-10-21,0.5,0.5,310,significant
3859,https://g17.dhi-roma.it/resources/event_2502,,,Matheus de Munda,Pauli de Munda,Munda,Munda,providee,former possessor,1.0,https://g17.dhi-roma.it/resources/institution_174,Cathacensis,"apostolic provision,papal grace,death of previous holder,Personal reason,Administrative office,Undefined administrative office,Holder of a portion,Parish Church,Church institutions",1622-12-22,0.5,0.5,116,significant
3865,https://g17.dhi-roma.it/resources/event_2640,,,Carolus Hieronymus,Presbiterati Carolus Hieronymus,Hieronymus,Hieronymus,current possessor,providee,1.0,https://g17.dhi-roma.it/resources/institution_202,Comensis,"apostolic provision,papal grace,Church institutions,Collegiate church,Administrative office,Holder of a canonship,Defined administrative office,Canonship",1678-07-18,0.5,0.5,54,significant
1076,https://g17.dhi-roma.it/resources/event_13549,,,Damitis in de Gallard de Biacen,Franciscus de Gallard de Biacen,Biacen,Biacen,former possessor,providee,1.0,https://g17.dhi-roma.it/resources/institution_499,Ruthenensis,"apostolic provision,papal grace,Prior,Office in a monastery",,0.5,0.5,87,significant
1225,https://g17.dhi-roma.it/resources/event_5820,,,Oduardi da Costa,Hieronimus Da Costa,Costa,Costa,former possessor,providee,1.0,https://g17.dhi-roma.it/resources/institution_469,Portugallensis,"apostolic provision,papal grace,death of previous holder,Personal reason,Administrative office,Holder of an undefined benefice,Undefined administrative office,Holder of a benefice",1622-06-10,0.5,0.5,270,significant
8693,https://g17.dhi-roma.it/resources/event_5547,,,Sebastianus de Vilis,Ioannis Donati de Vilis,Vilis,Vilis,providee,former possessor,1.0,https://g17.dhi-roma.it/resources/institution_347,Lucerina,"apostolic provision,papal grace,death of previous holder,Personal reason,church,Church institutions,Administrative office,Holder of an undefined benefice,Undefined administrative office,Holder of a benefice",1622-04-21,0.5,0.5,284,significant
9396,https://g17.dhi-roma.it/resources/event_1248,,,Anellus Maria,Franciscus Maria,Maria,Maria,providee,former possessor,1.0,https://g17.dhi-roma.it/resources/institution_504,Salernitana,"Resignation,Personal reason,apostolic provision,papal grace",1678-10-01,0.5,0.5,753,significant
1261,https://g17.dhi-roma.it/resources/event_5439,,,Petri Ruiz de Valdiniesso,Ioannes Velez de Valdiniesso,Valdiniesso,Valdiniesso,former possessor,providee,1.0,https://g17.dhi-roma.it/resources/institution_134,Burgensis,"apostolic provision,papal grace,death of previous holder,Personal reason,Pastor,Liturgical office,church,Church institutions",1622-04-05,0.5,0.5,59,significant
8773,https://g17.dhi-roma.it/resources/event_6051,,,Philippi de Haco,Henricus de Haco,Haco,Haco,former possessor,providee,1.0,https://g17.dhi-roma.it/resources/institution_305,Ispalensis,"apostolic provision,papal grace,death of previous holder,Personal reason,Administrative office,Holder of a canonship,Defined administrative office,Canonship and prebend,church,Church institutions",1622-07-19,0.5,0.5,100,significant
6103,https://g17.dhi-roma.it/resources/event_12620,,,Francisci Burignot,Jacobus Psilibertus Burignot,Burignot,Burignot,former possessor,providee,1.0,https://g17.dhi-roma.it/resources/institution_138,Cabilonensis,"apostolic provision,papal grace,Administrative office,Holder of a canonship,Defined administrative office,Canonship and prebend,church,Church institutions",1678-04-30,0.5,0.5,144,significant
4148,https://g17.dhi-roma.it/resources/event_8722,,,Antonii et le Berthon,Ioannes Le Berthon,Berthon,Berthon,former possessor,providee,1.0,https://g17.dhi-roma.it/resources/institution_455,Pictaviensis,"Resignation,Personal reason,apostolic provision,papal grace,Pastor,Liturgical office",1677-12-05,0.5,0.5,274,significant
507,https://g17.dhi-roma.it/resources/event_10619,,,Ludovicus Du Hamel,Ludovici de Hamel,Hamel,Hamel,providee,former possessor,1.0,https://g17.dhi-roma.it/resources/institution_94,Baiocensis,"apostolic provision,papal grace,Rectorship,Liturgical office",1678-03-27,0.5,0.5,177,significant
499,https://g17.dhi-roma.it/resources/event_15876,,,Nicolai Colin,Joannes Colin,Colin,Colin,former possessor,providee,1.0,https://g17.dhi-roma.it/resources/institution_487,Remensis,"apostolic provision,papal grace,Rectorship,Liturgical office",1678-07-29,0.5,0.5,388,significant
4145,https://g17.dhi-roma.it/resources/event_1888,,,Getrus iacobus Girad,Claudii Girad,Girad,Girad,providee,former possessor,1.0,https://g17.dhi-roma.it/resources/institution_111,Bisuntina,"Placing a commenda,apostolic provision,papal grace,Administrative reason,cession,Prior,Office in a monastery,Priory,Monastic institutions",1678-02-25,0.5,0.5,219,significant
607,https://g17.dhi-roma.it/resources/event_8412,,,Joannes Baillot,Raymundi et Baillot,Baillot,Baillot,providee,former possessor,1.0,https://g17.dhi-roma.it/resources/institution_517,Sancti Papuli,"apostolic provision,papal grace,Administrative office,Holder of a canonship,Defined administrative office,Prebendary,Church institutions,Collegiate church,Holder of an undefined benefice,Undefined administrative office,Holder of a benefice",1677-11-07,0.5,0.5,286,significant
1069,https://g17.dhi-roma.it/resources/event_9789,,,Claudius Pousset,Petri Pousset,Pousset,Pousset,providee,former possessor,1.0,https://g17.dhi-roma.it/resources/institution_160,Carnotensis,"apostolic provision,papal grace,Rectorship,Liturgical office",,0.5,0.5,907,significant
6081,https://g17.dhi-roma.it/resources/event_6108,,,Lucii de Nobilibus,Cofunes de Nobilibus,Nobilibus,Nobilibus,former possessor,providee,1.0,https://g17.dhi-roma.it/resources/institution_74,Asculana,"apostolic provision,papal grace,death of previous holder,Personal reason,Parish Church,Church institutions",1622-07-27,0.5,0.5,65,significant
6073,https://g17.dhi-roma.it/resources/event_10928,,,Gabrielis Estaiger,Jacobus Estaiger,Estaiger,Estaiger,former possessor,providee,1.0,https://g17.dhi-roma.it/resources/institution_113,Biterensis,"apostolic provision,papal grace,Pastor,Liturgical office,Church in a priory,Monastic institutions,Order of Saint Augustine,Regular canons",,0.5,0.5,140,significant
4118,https://g17.dhi-roma.it/resources/event_2799,,,Antonius Voille,Guillelmi de Voille,Voille,Voille,providee,former possessor,1.0,https://g17.dhi-roma.it/resources/institution_445,Parisiensis,"Placing a commenda,apostolic provision,papal grace,Prior,Office in a monastery,Order of Saint Benedict,Orders of the monastic tradition",1677-11-20,0.5,0.5,349,significant
560,https://g17.dhi-roma.it/resources/event_1647,,,Caroli Francisci Neret,Franciscus Bartholomeus Neret,Neret,Neret,former possessor,providee,1.0,https://g17.dhi-roma.it/resources/institution_497,Rupellensis,"Placing a commenda,apostolic provision,papal grace,death of previous holder,Personal reason,Prior,Office in a monastery,Order of Saint Benedict,Orders of the monastic tradition,Priory,Monastic institutions",1677-10-08,0.5,0.5,307,significant
5962,https://g17.dhi-roma.it/resources/event_6924,,,Franciscus Antich,Bartholomei et Antich,Antich,Antich,providee,former possessor,1.0,https://g17.dhi-roma.it/resources/institution_354,Maioricensis,"apostolic provision,papal grace,death of previous holder,Personal reason,church,Church institutions,Administrative office,Holder of an undefined benefice,Undefined administrative office,Holder of a benefice",1677-10-26,0.5,0.5,158,significant
8447,https://g17.dhi-roma.it/resources/event_9164,,,Francisci ex Maulguin,Petrus Maulguin,Maulguin,Maulguin,former possessor,providee,1.0,https://g17.dhi-roma.it/resources/institution_418,Nivernensis,"apostolic provision,papal grace,Rectorship,Liturgical office",1678-01-02,0.5,0.5,113,significant
5621,https://g17.dhi-roma.it/resources/event_12152,,,Francisci Cytois,Matheus Cytois,Cytois,Cytois,former possessor,providee,1.0,https://g17.dhi-roma.it/resources/institution_455,Pictaviensis,"apostolic provision,papal grace,Administrative office,Holder of a canonship,Defined administrative office,Canonship and prebend",1678-04-02,0.5,0.5,83,significant
5958,https://g17.dhi-roma.it/resources/event_9504,,,Olivarius Chasse,Josephi ex Chasse,Chasse,Chasse,providee,former possessor,1.0,https://g17.dhi-roma.it/resources/institution_484,Redonensis,"Resignation,Personal reason,apostolic provision,papal grace,Rectorship,Liturgical office",1677-12-29,0.5,0.5,250,significant
665,https://g17.dhi-roma.it/resources/event_5763,,,Ioannes Iacobus Cesera,Ioannis Francisci et Cesera,Cesera,Cesera,providee,former possessor,1.0,https://g17.dhi-roma.it/resources/institution_208,Consanensis,"apostolic provision,papal grace,death of previous holder,Personal reason,Without care of souls",1622-06-13,0.5,0.5,211,significant
9262,https://g17.dhi-roma.it/resources/event_9271,,,Vincentius La Panque,Ioannis La Panque,Panque,Panque,providee,former possessor,1.0,https://g17.dhi-roma.it/resources/institution_513,Sancti Flori,"Resignation,Personal reason,apostolic provision,papal grace,Rectorship,Liturgical office",1678-01-15,0.5,0.5,144,significant
4207,https://g17.dhi-roma.it/resources/event_6438,,,Andrea de Scorano,Hector de Scorano,Scorano,Scorano,former possessor,providee,1.0,https://g17.dhi-roma.it/resources/institution_450,Pennensis,"apostolic provision,papal grace,death of previous holder,Personal reason,Without care of souls",1622-07-18,0.5,0.5,195,significant
4200,https://g17.dhi-roma.it/resources/event_10498,,,Antonii Despinoy,Carolus Geoffroi dEspinoy,Despinoy,Despinoy,former possessor,providee,1.0,https://g17.dhi-roma.it/resources/institution_587,Tullensis,"Placing a commenda,apostolic provision,papal grace,Prior,Office in a monastery,Order of Saint Benedict,Orders of the monastic tradition,Parish Church,Church institutions",1678-03-27,0.5,0.5,102,significant
8802,https://g17.dhi-roma.it/resources/event_3851,,,Michaelis Masdera,Honofrius Masdera,Masdera,Masdera,providee,former possessor,1.0,https://g17.dhi-roma.it/resources/institution_99,Barchinonensis,"apostolic provision,papal grace,Administrative office,Undefined administrative office,Holder of a benefice in a church,Holder of a benefice",1622-05-01,0.5,0.5,215,significant
6477,https://g17.dhi-roma.it/resources/event_7904,,,Bernardi de Pinu,Bernardus de Pinu,Pinu,Pinu,former possessor,providee,1.0,https://g17.dhi-roma.it/resources/institution_120,Bononiensis,"apostolic provision,papal grace,death of previous holder,Personal reason,church,Church institutions",,0.5,0.5,182,significant
5274,https://g17.dhi-roma.it/resources/event_9775,,,Carolus Bertrand,Jacobi Bertrand,Bertrand,Bertrand,providee,former possessor,1.0,https://g17.dhi-roma.it/resources/institution_711,Constantiensis provincia rothomagen,"apostolic provision,papal grace,Pastor,Liturgical office,church,Church institutions",,0.5,0.5,317,significant
1658,https://g17.dhi-roma.it/resources/event_7670,,,Mauritii Bigliazzi,Mauritius seu Ioannis de Bigliazzis,Bigliazzi,Bigliazzis,former possessor,providee,0.9473684210526316,https://g17.dhi-roma.it/resources/institution_69,Aretina,"apostolic provision,papal grace,death of previous holder,Personal reason,church,Church institutions,Administrative office,Holder of an undefined benefice,Undefined administrative office,Holder of a benefice",1622-04-07,0.5,0.4736842105263158,19,significant
6481,https://g17.dhi-roma.it/resources/event_8089,,,Petri et Agnifilii pariber del Cardinal,Joannes Baptistae Agnifilio de Cardinale,Cardinal,Cardinale,former possessor,providee,0.9411764705882352,https://g17.dhi-roma.it/resources/institution_63,Aquilana,"apostolic provision,papal grace,death of previous holder,Personal reason,Administrative office,Holder of an undefined benefice,Undefined administrative office,Holder of a benefice",1678-04-26,0.5,0.4705882352941176,333,significant
3967,https://g17.dhi-roma.it/resources/event_7261,,,Angelus Maria de Porfiriis,Vincentii et Porfirii,Porfiriis,Porfirii,providee,former possessor,0.9411764705882352,https://g17.dhi-roma.it/resources/institution_261,Firmana,"apostolic provision,papal grace,death of previous holder,Personal reason,Pastor,Liturgical office,Church in a monastery,Monastic institutions",1678-08-30,0.5,0.4705882352941176,48,significant
1749,https://g17.dhi-roma.it/resources/event_8090,,,Joannes Baptistae Agnifilio de Cardinale,Petri et Agnifilii pariber del Cardinal,Cardinale,Cardinal,providee,former possessor,0.9411764705882352,https://g17.dhi-roma.it/resources/institution_63,Aquilana,"apostolic provision,papal grace,death of previous holder,Personal reason,Administrative office,Holder of an undefined benefice,Undefined administrative office,Holder of a benefice",1678-04-26,0.5,0.4705882352941176,251,significant
1800,https://g17.dhi-roma.it/resources/event_15660,,,Sebastianus ioachimus dEstrehan,Jois Baptistae Estrehan,Destrehan,Estrehan,providee,former possessor,0.9411764705882352,https://g17.dhi-roma.it/resources/institution_336,Lingonensis,"apostolic provision,papal grace,Pastor,Liturgical office,Parish Church,Church institutions",,0.5,0.4705882352941176,62,significant
1278,https://g17.dhi-roma.it/resources/event_6611,,,Joannis de Clavarie,Joannes de Clavariel,Clavarie,Clavariel,former possessor,providee,0.9411764705882352,https://g17.dhi-roma.it/resources/institution_1063,auxitana seu bituricensis,"apostolic provision,papal grace,death of previous holder,Personal reason,Administrative office,Holder of a canonship,Defined administrative office,Prebendary,church,Church institutions,Holder of an undefined benefice,Undefined administrative office,Holder of a benefice",,0.5,0.4705882352941176,198,significant
9253,https://g17.dhi-roma.it/resources/event_8087,,,Petri et Agnifilii pariber del Cardinal,Joannes Baptistae Agnifilio de Cardinale,Cardinal,Cardinale,former possessor,providee,0.9411764705882352,https://g17.dhi-roma.it/resources/institution_63,Aquilana,"apostolic provision,papal grace,death of previous holder,Personal reason,Administrative office,Holder of an undefined benefice,Undefined administrative office,Holder of a benefice",1678-04-26,0.5,0.4705882352941176,333,significant
2190,https://g17.dhi-roma.it/resources/event_8086,,,Joannes Baptistae Agnifilio de Cardinale,Petri et Agnifilii pariber del Cardinal,Cardinale,Cardinal,providee,former possessor,0.9411764705882352,https://g17.dhi-roma.it/resources/institution_63,Aquilana,"apostolic provision,papal grace,death of previous holder,Personal reason,Church institutions,Major church,Administrative office,Holder of an undefined benefice,Undefined administrative office,Holder of a benefice",1678-04-26,0.5,0.4705882352941176,251,significant
3047,https://g17.dhi-roma.it/resources/event_8088,,,Joannes Baptistae Agnifilio de Cardinale,Petri et Agnifilii pariber del Cardinal,Cardinale,Cardinal,providee,former possessor,0.9411764705882352,https://g17.dhi-roma.it/resources/institution_63,Aquilana,"apostolic provision,papal grace,death of previous holder,Personal reason,Administrative office,Holder of an undefined benefice,Undefined administrative office,Holder of a benefice",1678-04-26,0.5,0.4705882352941176,251,significant
6151,https://g17.dhi-roma.it/resources/event_9002,,,Gilberti et de Choyseu,Cesar de Choyseul,Choyseu,Choyseul,former possessor,providee,0.9333333333333332,https://g17.dhi-roma.it/resources/institution_576,Trecorensis,"Placing a commenda,Resignation,Personal reason,apostolic provision,papal grace,Office in a monastery,Head of the monastery",1677-12-12,0.5,0.4666666666666666,63,significant
9168,https://g17.dhi-roma.it/resources/event_2349,,,Antonii Ugolini,Ioannes Vincentius de Ugolinis,Ugolini,Ugolinis,former possessor,providee,0.9333333333333332,https://g17.dhi-roma.it/resources/institution_598,Urbinatensis,"apostolic provision,papal grace,death of previous holder,Personal reason,Without care of souls",1623-01-19,0.5,0.4666666666666666,183,significant
9621,https://g17.dhi-roma.it/resources/event_7281,,,Joannes Paulus Busillo,Petri et Bursillo,Busillo,Bursillo,providee,former possessor,0.9333333333333332,https://g17.dhi-roma.it/resources/institution_151,Campaniensis,"apostolic provision,papal grace,death of previous holder,Personal reason,church,Church institutions",1678-09-19,0.5,0.4666666666666666,139,significant
1095,https://g17.dhi-roma.it/resources/event_2030,,,Claudii Antonii de Maliver,Josephus de Malivert,Maliver,Malivert,former possessor,providee,0.9333333333333332,https://g17.dhi-roma.it/resources/institution_349,Lugdunensis,"Resignation,Personal reason,apostolic provision,papal grace,Almoner,Charitable office,Administrative office,Defined administrative office,Order of Cluny,Orders of the monastic tradition,Priory,Monastic institutions,Office in a monastery,monastic office",1678-05-09,0.5,0.4666666666666666,294,significant
8994,https://g17.dhi-roma.it/resources/event_2737,,,Guillelmi Mathieu,Iacobus Matthieu,Mathieu,Matthieu,former possessor,providee,0.9333333333333332,https://g17.dhi-roma.it/resources/institution_336,Lingonensis,"apostolic provision,papal grace,Rectorship,Liturgical office",1677-11-20,0.5,0.4666666666666666,258,significant
2824,https://g17.dhi-roma.it/resources/event_16269,,,Andreas LeFeure de Leheauc,Nicolai et le Feurer de Leheau,Leheauc,Leheau,providee,former possessor,0.923076923076923,https://g17.dhi-roma.it/resources/institution_455,Pictaviensis,"Placing a commenda,apostolic provision,papal grace,death of previous holder,Personal reason,Prior,Office in a monastery",1678-01-23,0.5,0.4615384615384615,50,significant
7014,https://g17.dhi-roma.it/resources/event_9175,,,Annetus Paschal,Petri et Pascal,Paschal,Pascal,providee,former possessor,0.923076923076923,https://g17.dhi-roma.it/resources/institution_534,Silvanectensis,"apostolic provision,papal grace,Rectorship,Liturgical office",1678-01-02,0.5,0.4615384615384615,64,significant
3497,https://g17.dhi-roma.it/resources/event_1492,,,Hieronimi Vicecomitis,Ubertus Maria de Vicecomitibus,Vicecomitis,Vicecomitibus,former possessor,providee,0.9166666666666665,https://g17.dhi-roma.it/resources/institution_369,Mediolanensis,"apostolic provision,papal grace,death of previous holder,Personal reason,Defined administrative office,Administrative office,Provostship,Holder of a canonship,Canonship and prebend,church,Church institutions",1622-11-08,0.5,0.45833333333333326,47,significant
8098,https://g17.dhi-roma.it/resources/event_16486,,,Hieronimi Demontholon,Ioannes Demotontholon,Demontholon,Demotontholon,current possessor,providee,0.9166666666666665,https://g17.dhi-roma.it/resources/institution_236,Dolensis,"apostolic provision,papal grace,Reservation of a pension,Prior,Office in a monastery,Order of Saint Benedict,Orders of the monastic tradition",,0.5,0.45833333333333326,30,significant
7530,https://g17.dhi-roma.it/resources/event_17100,,,Maladulphi retropresbiterati,Bertrandus Olieu retropresbiteratus,Retropresbiterati,Retropresbiteratus,former possessor,providee,0.9142857142857143,https://g17.dhi-roma.it/resources/institution_57,Appamiensis / Appamiarum,"apostolic provision,papal grace,Church institutions,Chapel",1678-02-25,0.5,0.45714285714285713,10,significant
4284,https://g17.dhi-roma.it/resources/event_16008,,,Andreae Boriae,Joannes Boria,Boriae,Boria,former possessor,providee,0.9090909090909091,https://g17.dhi-roma.it/resources/institution_90,Auxitana,"apostolic provision,papal grace,church,Church institutions",1678-08-12,0.5,0.45454545454545453,283,significant
6715,https://g17.dhi-roma.it/resources/event_7306,,,Benedictus Grossi,Hieronymi de Rossi,Grossi,Rossi,providee,former possessor,0.9090909090909091,https://g17.dhi-roma.it/resources/institution_63,Aquilana,"deceased in Rome,apostolic provision,papal grace,death of previous holder,Personal reason,Administrative office,Holder of a canonship,Defined administrative office,Canonship and prebend,Church institutions,Collegiate church",1678-06-02,0.5,0.45454545454545453,167,significant
9613,https://g17.dhi-roma.it/resources/event_7293,,,Caroli ex de Ricci,Antonius de Riccis,Ricci,Riccis,former possessor,providee,0.9090909090909091,https://g17.dhi-roma.it/resources/institution_262,Florentina,"apostolic provision,papal grace,death of previous holder,Personal reason,church,Church institutions,Archdeacon,Liturgical office",1678-09-12,0.5,0.45454545454545453,162,significant
6716,https://g17.dhi-roma.it/resources/event_7306,,,Benedictus Grossi,Hieronymi de Rossi,Grossi,Rossi,providee,former possessor,0.9090909090909091,https://g17.dhi-roma.it/resources/institution_63,Aquilana,"deceased in Rome,apostolic provision,papal grace,death of previous holder,Personal reason,Administrative office,Holder of a canonship,Defined administrative office,Canonship and prebend,Church institutions,Collegiate church",1678-06-02,0.5,0.45454545454545453,167,significant
9836,https://g17.dhi-roma.it/resources/event_6835,,,Andreas Bottigfieri,Jacobi ex Bottiglieri,Bottigfieri,Bottiglieri,providee,former possessor,0.9090909090909091,https://g17.dhi-roma.it/resources/institution_208,Consanensis,"apostolic provision,papal grace,death of previous holder,Personal reason,Archpriest,Liturgical office,Parish Church,Church institutions",,0.5,0.45454545454545453,18,significant
6718,https://g17.dhi-roma.it/resources/event_7306,,,Benedictus Grossi,Hieronymi de Rossi,Grossi,Rossi,providee,former possessor,0.9090909090909091,https://g17.dhi-roma.it/resources/institution_63,Aquilana,"deceased in Rome,apostolic provision,papal grace,death of previous holder,Personal reason,Administrative office,Holder of a canonship,Defined administrative office,Canonship and prebend,Church institutions,Collegiate church",1678-06-02,0.5,0.45454545454545453,167,significant
1344,https://g17.dhi-roma.it/resources/event_13279,,,Antonii Folet,Olivarius Follet,Folet,Follet,former possessor,providee,0.9090909090909091,https://g17.dhi-roma.it/resources/institution_547,Suessionensis,"apostolic provision,papal grace,Administrative office,Holder of a canonship,Defined administrative office,Canonship and prebend,Church institutions,Collegiate church",,0.5,0.45454545454545453,183,significant
6717,https://g17.dhi-roma.it/resources/event_7306,,,Hieronymi de Rossi,Benedictus Grossi,Rossi,Grossi,former possessor,providee,0.9090909090909091,https://g17.dhi-roma.it/resources/institution_63,Aquilana,"deceased in Rome,apostolic provision,papal grace,death of previous holder,Personal reason,Administrative office,Holder of a canonship,Defined administrative office,Canonship and prebend,Church institutions,Collegiate church",1678-06-02,0.5,0.45454545454545453,319,significant
5007,https://g17.dhi-roma.it/resources/event_2236,,,Josephi de Villamaior,Andreas Sanchez de Villamayor,Villamaior,Villamayor,providee,former possessor,0.9,https://g17.dhi-roma.it/resources/institution_204,Conchensis,"apostolic provision,papal grace,Cancellation of a pension",1678-06-01,0.5,0.45,89,significant
5794,https://g17.dhi-roma.it/resources/event_2235,,,Andreas Sanchez de Villamayor,Josephi de Villamaior,Villamayor,Villamaior,providee,former possessor,0.9,https://g17.dhi-roma.it/resources/institution_305,Ispalensis,"Resignation,Personal reason,apostolic provision,papal grace,Parish Church,Church institutions,Administrative office,Holder of an undefined benefice,Undefined administrative office,Holder of a benefice",1678-06-01,0.5,0.45,70,significant
8352,https://g17.dhi-roma.it/resources/event_3458,,,Francicus Antonius Palumbellu,Joannis Antonii Palumbelli,Palumbellu,Palumbelli,providee,former possessor,0.9,https://g17.dhi-roma.it/resources/institution_65,Aquinatensis,"apostolic provision,papal grace,death of previous holder,Personal reason,Administrative office,Holder of an undefined benefice,Undefined administrative office,Holder of a benefice",1678-01-22,0.5,0.45,66,significant
2904,https://g17.dhi-roma.it/resources/event_575,,,Demterius Iantuccius,Mariani Iantucci,Iantuccius,Iantucci,providee,former possessor,0.8888888888888888,https://g17.dhi-roma.it/resources/institution_456,Pientina,"apostolic provision,papal grace,death of previous holder,Personal reason,Without care of souls",1622-12-10,0.5,0.4444444444444444,211,significant
5839,https://g17.dhi-roma.it/resources/event_7943,,,Ludovicus Fabe,Ioannis Fabbe,Fabe,Fabbe,providee,former possessor,0.8888888888888888,https://g17.dhi-roma.it/resources/institution_638,Vivariensis,"apostolic provision,papal grace,death of previous holder,Personal reason,Undetermined reason,Unknown reason,Prior,Office in a monastery,Administrative office,Sacristan,Defined administrative office",1622-02-25,0.5,0.4444444444444444,170,significant
3130,https://g17.dhi-roma.it/resources/event_345,,,Mariani Iantucci,Demterius Iantuccius,Iantucci,Iantuccius,former possessor,providee,0.8888888888888888,https://g17.dhi-roma.it/resources/institution_456,Pientina,"apostolic provision,papal grace,death of previous holder,Personal reason,Without care of souls",1622-12-10,0.5,0.4444444444444444,103,significant
4755,https://g17.dhi-roma.it/resources/event_574,,,Mariani Iantucci,Demterius Iantuccius,Iantucci,Iantuccius,former possessor,providee,0.8888888888888888,https://g17.dhi-roma.it/resources/institution_456,Pientina,"apostolic provision,papal grace,death of previous holder,Personal reason,Without care of souls",1622-12-10,0.5,0.4444444444444444,103,significant
4264,https://g17.dhi-roma.it/resources/event_17460,,,Ioes Christophorus de Chasteaneif su Rochebon,Chistophori et Chastaeaneuf et Rochebonne,Rochebon,Rochebonne,providee,former possessor,0.8888888888888888,https://g17.dhi-roma.it/resources/institution_55,Aniciensis,"apostolic provision,papal grace",,0.5,0.4444444444444444,114,significant
4543,https://g17.dhi-roma.it/resources/event_4865,,,Ioannis Baptiste Sfondrato,Gregorii Sfondrati,Sfondrato,Sfondrati,providee,former possessor,0.8888888888888888,https://g17.dhi-roma.it/resources/institution_488,Rheginensis,"Placing a commenda,apostolic provision,papal grace,Motu proprio,death of previous holder,Personal reason,Office in a monastery,Head of the monastery",1623-01-24,0.5,0.4444444444444444,51,significant
4338,https://g17.dhi-roma.it/resources/event_8484,,,Franciscus Lestacher,Michaeli et Lettacher Senioris,Lestacher,Lettacher,providee,former possessor,0.8888888888888888,https://g17.dhi-roma.it/resources/institution_172,Catalaunensis,"apostolic provision,papal grace,Church institutions,Major church,Treasurer,Administrative office,Defined administrative office",1677-11-13,0.5,0.4444444444444444,111,significant
1878,https://g17.dhi-roma.it/resources/event_2363,,,Joannis Baptistae Leschelle,Petri Francisci Leschalle,Leschelle,Leschalle,providee,former possessor,0.8888888888888888,https://g17.dhi-roma.it/resources/institution_111,Bisuntina,"apostolic provision,papal grace,Assistance by a coadjutor,Assignment,Administrative office,Holder of a canonship,Defined administrative office,Prebendary,church,Church institutions,Canonship",1677-10-09,0.5,0.4444444444444444,66,significant
1879,https://g17.dhi-roma.it/resources/event_7096,,,Joannis Pauli ex de Mutis,Philippus Muti,Mutis,Muti,former possessor,providee,0.8888888888888888,https://g17.dhi-roma.it/resources/institution_599,Urbis seu Romana,"deceased in Rome,apostolic provision,papal grace,death of previous holder,Personal reason,church,Church institutions",1678-06-06,0.5,0.4444444444444444,202,significant
259,https://g17.dhi-roma.it/resources/event_7724,,,Mayri Nicolai Zambeccharii,Livius Zambeccharius,Zambeccharii,Zambeccharius,former possessor,providee,0.88,https://g17.dhi-roma.it/resources/institution_120,Bononiensis,"deceased in Rome,apostolic provision,papal grace,death of previous holder,Personal reason,Without care of souls,Head of an oratory,Office in a monastery,church,Church institutions",1622-04-14,0.5,0.44,32,high
4305,https://g17.dhi-roma.it/resources/event_4657,,,Paulini Orsucci,Septimius Orsuccius,Orsucci,Orsuccius,former possessor,providee,0.875,https://g17.dhi-roma.it/resources/institution_344,Lucana,"apostolic provision,papal grace,death of previous holder,Personal reason,Pastor,Liturgical office,church,Church institutions",1623-02-07,0.5,0.4375,59,high
2833,https://g17.dhi-roma.it/resources/event_8334,,,Matheus Megemont,Mathei ex Megement,Megemont,Megement,providee,former possessor,0.875,https://g17.dhi-roma.it/resources/institution_192,Claromontensis,"apostolic provision,papal grace,Administrative office,Holder of a canonship,Defined administrative office,Canonship and prebend,Church institutions,Collegiate church",1677-10-23,0.5,0.4375,45,high
7927,https://g17.dhi-roma.it/resources/event_2432,,,Panutii Fornoni,Franciscus Fornonius,Fornoni,Fornonius,former possessor,providee,0.875,https://g17.dhi-roma.it/resources/institution_446,Parmensis,"apostolic provision,papal grace,death of previous holder,Personal reason,Parish Church,Church institutions,Administrative office,Holder of an undefined benefice,Undefined administrative office,Holder of a benefice",1623-01-18,0.5,0.4375,155,high
7175,https://g17.dhi-roma.it/resources/event_2435,,,Blasius Orfuccius,Paulini Orfucci,Orfuccius,Orfucci,providee,former possessor,0.875,https://g17.dhi-roma.it/resources/institution_344,Lucana,"apostolic provision,papal grace,death of previous holder,Personal reason,Pastor,Liturgical office,Church institutions,Collegiate church",1623-01-03,0.5,0.4375,92,high
8264,https://g17.dhi-roma.it/resources/event_16270,,,Franciscus Bassiere,Guilellmi Bussiere,Bassiere,Bussiere,providee,former possessor,0.875,https://g17.dhi-roma.it/resources/institution_332,Lexoviensis,"apostolic provision,papal grace,Rectorship,Liturgical office",1678-01-23,0.5,0.4375,227,high
8561,https://g17.dhi-roma.it/resources/event_7262,,,Vincentii et Perfirii,Joseph Antonius Porfirii,Perfirii,Porfirii,former possessor,providee,0.875,https://g17.dhi-roma.it/resources/institution_261,Firmana,"apostolic provision,papal grace,death of previous holder,Personal reason,Administrative office,Holder of an undefined benefice,Undefined administrative office,Holder of a benefice",1678-09-01,0.5,0.4375,140,high
8446,https://g17.dhi-roma.it/resources/event_15817,,,Julianus Alexius Fiuemont,Olivarii Finemont,Fiuemont,Finemont,providee,former possessor,0.875,https://g17.dhi-roma.it/resources/institution_236,Dolensis,"Resignation,Personal reason,apostolic provision,papal grace,Pastor,Liturgical office,church,Church institutions",1678-07-29,0.5,0.4375,63,high
1252,https://g17.dhi-roma.it/resources/event_9451,,,Antonius Vicentius Langlois,Ludovici Langlori,Langlois,Langlori,providee,former possessor,0.875,https://g17.dhi-roma.it/resources/institution_495,Rothomagensis,"apostolic provision,papal grace,Rectorship,Liturgical office",1678-01-30,0.5,0.4375,183,high
1027,https://g17.dhi-roma.it/resources/event_1799,,,Francisci Cecchini,Domenico de Cecchino,Cecchini,Cecchino,former possessor,providee,0.875,https://g17.dhi-roma.it/resources/institution_599,Urbis seu Romana,"deceased in Rome,apostolic provision,papal grace,Motu proprio,death of previous holder,Personal reason,St. Peter's Basilica,Church institutions,Administrative office,Holder of a canonship,Defined administrative office,Canonship and prebend",1622-11-26,0.5,0.4375,81,high
3960,https://g17.dhi-roma.it/resources/event_12626,,,Franciscus Seiresta,Francisci et Sirestan,Seiresta,Sirestan,providee,former possessor,0.875,https://g17.dhi-roma.it/resources/institution_521,Sarlatensis,"Resignation,Personal reason,apostolic provision,papal grace,Rectorship,Liturgical office",1678-04-30,0.5,0.4375,136,high
7000,https://g17.dhi-roma.it/resources/event_9818,,,Judini de Bonnent,Arnulphus Bonvent,Bonnent,Bonvent,former possessor,providee,0.8571428571428572,https://g17.dhi-roma.it/resources/institution_534,Silvanectensis,"apostolic provision,papal grace,Pastor,Liturgical office,Church institutions,Collegiate church",1678-02-13,0.5,0.4285714285714286,146,high
8004,https://g17.dhi-roma.it/resources/event_15769,,,Joannis Foutrac,Franciscus Fontrac,Foutrac,Fontrac,former possessor,providee,0.8571428571428572,https://g17.dhi-roma.it/resources/institution_133,Burdegalensis,"apostolic provision,papal grace,Administrative office,Holder of a canonship,Defined administrative office,Canonship and prebend,Church institutions,Collegiate church",,0.5,0.4285714285714286,70,high
3595,https://g17.dhi-roma.it/resources/event_1278,,,Annibal Petriciolus,Stephani Petricioli,Petriciolus,Petricioli,providee,former possessor,0.8571428571428572,https://g17.dhi-roma.it/resources/institution_350,Lunensarzanen,"apostolic provision,papal grace,death of previous holder,Personal reason,Pastor,Liturgical office,Parish Church,Church institutions",1622-11-26,0.5,0.4285714285714286,625,high
5145,https://g17.dhi-roma.it/resources/event_1651,,,Antonius Gramier seu Gravier,Laurentii de Granier,Gravier,Granier,providee,former possessor,0.8571428571428572,https://g17.dhi-roma.it/resources/institution_499,Ruthenensis,"apostolic provision,papal grace,Rectorship,Liturgical office,Parish Church,Church institutions",1677-10-08,0.5,0.4285714285714286,262,high
6826,https://g17.dhi-roma.it/resources/event_2856,,,Vincentius Marzucchius,Ascanii Marzucchii,Marzucchius,Marzucchii,providee,former possessor,0.8571428571428572,https://g17.dhi-roma.it/resources/institution_682,Bisceglie,"Resignation,Personal reason,apostolic provision,papal grace,Heir,Undefined administrative office,Administrative office",1622-02-16,0.5,0.4285714285714286,180,high
7466,https://g17.dhi-roma.it/resources/event_17821,,,Ioannies Rulland,Ioannis Rolland,Rulland,Rolland,providee,former possessor,0.8571428571428572,https://g17.dhi-roma.it/resources/institution_670,Vasatensis,"apostolic provision,papal grace",,0.5,0.4285714285714286,157,high
2570,https://g17.dhi-roma.it/resources/event_9391,,,Jacobus Cofnier,Francisci et Cosnier,Cofnier,Cosnier,providee,former possessor,0.8571428571428572,https://g17.dhi-roma.it/resources/institution_647,Xanctonensis,"apostolic provision,papal grace,Rectorship,Liturgical office",1678-01-23,0.5,0.4285714285714286,200,high
8089,https://g17.dhi-roma.it/resources/event_7061,,,Ferdinandus Barbosa Pereyro,Gasparis loci Pereyra,Pereyro,Pereyra,providee,former possessor,0.8571428571428572,https://g17.dhi-roma.it/resources/institution_125,Bracharensis,"apostolic provision,papal grace,death of previous holder,Personal reason,Rectorship,Liturgical office",1678-06-03,0.5,0.4285714285714286,172,high
6115,https://g17.dhi-roma.it/resources/event_12280,,,Heraldi Dalmays,Franciscus Dalmoys,Dalmays,Dalmoys,former possessor,providee,0.8571428571428572,https://g17.dhi-roma.it/resources/institution_513,Sancti Flori,"apostolic provision,papal grace,death of previous holder,Personal reason,Prior,Office in a monastery",,0.5,0.4285714285714286,85,high
5281,https://g17.dhi-roma.it/resources/event_15571,,,Ennemundus Nathieu,Claudii Mathieu,Nathieu,Mathieu,providee,former possessor,0.8571428571428572,https://g17.dhi-roma.it/resources/institution_610,Vapincensis,"apostolic provision,papal grace,Prior,Office in a monastery",1678-07-08,0.5,0.4285714285714286,96,high
6071,https://g17.dhi-roma.it/resources/event_9817,,,Judini de Bonnent,Arnulphus Bonvent,Bonnent,Bonvent,former possessor,providee,0.8571428571428572,https://g17.dhi-roma.it/resources/institution_487,Remensis,"apostolic provision,papal grace,Administrative office,Holder of a canonship,Defined administrative office,Canonship and prebend,Church institutions,Collegiate church",1678-02-13,0.5,0.4285714285714286,146,high
8042,https://g17.dhi-roma.it/resources/event_2857,,,Vincentius Marzucchius,Ascanii Marzucchii,Marzucchius,Marzucchii,providee,former possessor,0.8571428571428572,https://g17.dhi-roma.it/resources/institution_682,Bisceglie,"Resignation,Personal reason,apostolic provision,papal grace,Heir,Undefined administrative office,Administrative office",1622-02-16,0.5,0.4285714285714286,180,high
4473,https://g17.dhi-roma.it/resources/event_16803,,,Iacobus Barcillonus,Baptiste Barcilloni,Barcillonus,Barcilloni,providee,former possessor,0.8571428571428572,https://g17.dhi-roma.it/resources/institution_620,Venetensis,"Resignation,Personal reason,apostolic provision,papal grace",1622-02-25,0.5,0.4285714285714286,299,high
2679,https://g17.dhi-roma.it/resources/event_5648,,,Francisci Santurrii,Basilius Santurrius,Santurrii,Santurrius,former possessor,providee,0.8421052631578947,https://g17.dhi-roma.it/resources/institution_74,Asculana,"apostolic provision,papal grace,death of previous holder,Personal reason,Administrative office,Holder of an undefined benefice,Undefined administrative office,Holder of a clerical benefice,Holder of a benefice,Parish Church,Church institutions",,0.5,0.42105263157894735,95,high
8333,https://g17.dhi-roma.it/resources/event_8324,,,Joannis Lorauchet seu Leurauchet,Philibertus Loranchet seu Laurachet,Leurauchet,Laurachet,former possessor,providee,0.8421052631578947,https://g17.dhi-roma.it/resources/institution_243,Augustodunensis,"apostolic provision,papal grace,Administrative office,Holder of a canonship,Defined administrative office,Canonship and prebend,Church institutions,Collegiate church",1677-10-30,0.5,0.42105263157894735,69,high
5744,https://g17.dhi-roma.it/resources/event_121,,,Demetrius Tautuccius,Mariani Tautuccii,Tautuccius,Tautuccii,providee,former possessor,0.8421052631578947,https://g17.dhi-roma.it/resources/institution_456,Pientina,"apostolic provision,papal grace,Becoming a surrogate,death of previous holder,Personal reason,Without care of souls",1622-09-09,0.5,0.42105263157894735,104,high
3155,https://g17.dhi-roma.it/resources/event_122,,,Demetrius Tautuccius,Mariani Tautuccii,Tautuccius,Tautuccii,providee,former possessor,0.8421052631578947,https://g17.dhi-roma.it/resources/institution_456,Pientina,"apostolic provision,papal grace,Becoming a surrogate,death of previous holder,Personal reason,Without care of souls",1622-09-09,0.5,0.42105263157894735,104,high
6927,https://g17.dhi-roma.it/resources/event_1294,,,Maximilianus Falascinus,Petri Jacobi Falascini,Falascinus,Falascini,providee,former possessor,0.8421052631578947,https://g17.dhi-roma.it/resources/institution_359,Marturanensis,"apostolic provision,papal grace,death of previous holder,Personal reason,Administrative office,Holder of a canonship,Defined administrative office,Canonship and prebend,Dean,Liturgical office,church,Church institutions",1622-12-01,0.5,0.42105263157894735,229,high
1806,https://g17.dhi-roma.it/resources/event_5943,,,Alexandri Acciarini,Decius Acciarinus,Acciarini,Acciarinus,former possessor,providee,0.8421052631578947,https://g17.dhi-roma.it/resources/institution_261,Firmana,"apostolic provision,papal grace,death of previous holder,Personal reason,Church institutions,Collegiate church,Administrative office,Holder of an undefined benefice,Undefined administrative office,Holder of a benefice",1622-07-04,0.5,0.42105263157894735,169,high
2095,https://g17.dhi-roma.it/resources/event_6064,,,Baptista Ravanettus,Michaelis Ravanetti,Ravanettus,Ravanetti,providee,former possessor,0.8421052631578947,https://g17.dhi-roma.it/resources/institution_446,Parmensis,"apostolic provision,papal grace,death of previous holder,Personal reason,Administrative office,Holder of a canonship,Defined administrative office,Canonship and prebend,Church institutions,Collegiate church",1622-07-20,0.5,0.42105263157894735,102,high
2996,https://g17.dhi-roma.it/resources/event_7307,,,Angeli ex Siciliani,Dionisiuc Sicilianus,Siciliani,Sicilianus,former possessor,providee,0.8421052631578947,https://g17.dhi-roma.it/resources/institution_155,Capuana,"apostolic provision,papal grace,death of previous holder,Personal reason,Administrative office,Holder of an undefined benefice,Undefined administrative office,Holder of a benefice",1678-09-15,0.5,0.42105263157894735,103,high
3790,https://g17.dhi-roma.it/resources/event_6035,,,Decius Acciarinus,Alexandri Acciarini,Acciarinus,Acciarini,providee,former possessor,0.8421052631578947,https://g17.dhi-roma.it/resources/institution_261,Firmana,"apostolic provision,papal grace,death of previous holder,Personal reason,church,Church institutions,Administrative office,Holder of an undefined benefice,Undefined administrative office,Holder of a benefice",1622-07-15,0.5,0.42105263157894735,296,high
3926,https://g17.dhi-roma.it/resources/event_123,,,Mariani Tautuccii,Demetrius Tautuccius,Tautuccii,Tautuccius,former possessor,providee,0.8421052631578947,https://g17.dhi-roma.it/resources/institution_456,Pientina,"apostolic provision,papal grace,Becoming a surrogate,death of previous holder,Personal reason,Without care of souls",1622-09-09,0.5,0.42105263157894735,36,high
9011,https://g17.dhi-roma.it/resources/event_3215,,,Alphonsi Herculani,Hieronymus Herculanus,Herculani,Herculanus,former possessor,providee,0.8421052631578947,https://g17.dhi-roma.it/resources/institution_714,Fanensis,"apostolic provision,papal grace,death of previous holder,Personal reason,Administrative office,Holder of a canonship,Defined administrative office,Canonship and prebend,Church institutions,Collegiate church",1677-11-17,0.5,0.42105263157894735,65,high
1123,https://g17.dhi-roma.it/resources/event_7590,,,Francisci Machiatii,Petrus Machiatius,Machiatii,Machiatius,former possessor,providee,0.8421052631578947,https://g17.dhi-roma.it/resources/institution_224,Cretensis,"apostolic provision,papal grace,death of previous holder,Personal reason,Administrative office,Holder of a canonship,Defined administrative office,Canonship and prebend,church,Church institutions",1622-02-16,0.5,0.42105263157894735,118,high
111,https://g17.dhi-roma.it/resources/event_7445,,,Flavio Chisio,Card.li Sigismundie Chisii,Chisio,Chisii,providee,former possessor,0.8333333333333335,https://g17.dhi-roma.it/resources/institution_697,Acquapendente,"deceased in Rome,Placing a commenda,apostolic provision,papal grace,Motu proprio,death of previous holder,Personal reason",1678-05-02,0.5,0.41666666666666674,87,high
5120,https://g17.dhi-roma.it/resources/event_2064,,,Claudius Perret,Micherii Petret,Perret,Petret,providee,former possessor,0.8333333333333335,https://g17.dhi-roma.it/resources/institution_349,Lugdunensis,"Resignation,Personal reason,apostolic provision,papal grace,Rectorship,Liturgical office,Parish Church,Church institutions",1678-09-02,0.5,0.41666666666666674,312,high
5152,https://g17.dhi-roma.it/resources/event_14980,,,Guillelmi Lemore,Jacobus Lemire,Lemore,Lemire,former possessor,providee,0.8333333333333335,https://g17.dhi-roma.it/resources/institution_445,Parisiensis,"apostolic provision,papal grace,death of previous holder,Personal reason,Pastor,Liturgical office",1678-07-01,0.5,0.41666666666666674,190,high
4972,https://g17.dhi-roma.it/resources/event_2125,,,Melaniez Raguin,Renatus Raquin,Raguin,Raquin,former possessor,providee,0.8333333333333335,https://g17.dhi-roma.it/resources/institution_589,Turonensis,"apostolic provision,papal grace,Rectorship,Liturgical office,Administrative office,Undefined administrative office,Holder of a benefice in a church,Holder of a benefice,Parish Church,Church institutions",1677-10-08,0.5,0.41666666666666674,270,high
2068,https://g17.dhi-roma.it/resources/event_8219,,,Seraphinis du Tillet,Joannis et du Tullet,Tillet,Tullet,providee,former possessor,0.8333333333333335,https://g17.dhi-roma.it/resources/institution_364,Matisconensis,"Placing a commenda,apostolic provision,papal grace,Prior,Office in a monastery",1677-10-16,0.5,0.41666666666666674,212,high
4585,https://g17.dhi-roma.it/resources/event_8220,,,Joannis et du Tullet,Seraphinis du Tillet,Tullet,Tillet,former possessor,providee,0.8333333333333335,https://g17.dhi-roma.it/resources/institution_364,Matisconensis,"Placing a commenda,apostolic provision,papal grace,Prior,Office in a monastery",1677-10-16,0.5,0.41666666666666674,136,high
8125,https://g17.dhi-roma.it/resources/event_8200,,,Andreas Boulet,Jois et Boulit,Boulet,Boulit,providee,former possessor,0.8333333333333335,https://g17.dhi-roma.it/resources/institution_381,Mimatensis,"apostolic provision,papal grace,Church institutions,Major church,Administrative office,Holder of an undefined benefice,Undefined administrative office,Holder of a benefice",1677-10-16,0.5,0.41666666666666674,346,high
9343,https://g17.dhi-roma.it/resources/event_14175,,,Franciscus de Fleury,Claudii de Fleuri,Fleury,Fleuri,providee,former possessor,0.8333333333333335,https://g17.dhi-roma.it/resources/institution_336,Lingonensis,"Placing a commenda,apostolic provision,papal grace,Prior,Office in a monastery,Order of Saint Augustine,Regular canons",1678-05-20,0.5,0.41666666666666674,90,high
3515,https://g17.dhi-roma.it/resources/event_2674,,,Iacobus Nogrie,Iacobi Nogrit,Nogrie,Nogrit,providee,current possessor,0.8333333333333335,https://g17.dhi-roma.it/resources/institution_403,Nannetensis,"apostolic provision,papal grace,Cancellation of a pension,Rectorship,Liturgical office,Parish Church,Church institutions",1677-10-31,0.5,0.41666666666666674,135,high
1077,https://g17.dhi-roma.it/resources/event_8199,,,Andreas Boulet,Jois et Boulit,Boulet,Boulit,providee,former possessor,0.8333333333333335,https://g17.dhi-roma.it/resources/institution_381,Mimatensis,"apostolic provision,papal grace,Administrative office,Holder of a canonship,Defined administrative office,Canonship and prebend,Church institutions,Collegiate church",1677-10-16,0.5,0.41666666666666674,346,high
2343,https://g17.dhi-roma.it/resources/event_2428,,,Horatius Leonellus,Iacobi Leonelli,Leonellus,Leonelli,providee,former possessor,0.8235294117647058,https://g17.dhi-roma.it/resources/institution_687,Tudertin,"apostolic provision,papal grace,death of previous holder,Personal reason,Pastor,Liturgical office,church,Church institutions",1623-01-19,0.5,0.4117647058823529,157,high
8642,https://g17.dhi-roma.it/resources/event_4544,,,Camilli periculi,Bellisarius Periculus,Periculi,Periculus,former possessor,providee,0.8235294117647058,https://g17.dhi-roma.it/resources/institution_149,Camerinensis,"deceased in Rome,apostolic provision,papal grace,death of previous holder,Personal reason,Church institutions,Major church,Administrative office,Undefined administrative office,Holder of a benefice in a church,Holder of a benefice,Holder of an undefined benefice",,0.5,0.4117647058823529,170,high
4708,https://g17.dhi-roma.it/resources/event_14590,,,Francisci predicti,Ludovicus predictus,Predicti,Predictus,former possessor,providee,0.8235294117647058,https://g17.dhi-roma.it/resources/institution_705,Montis Pelusii,"apostolic provision,papal grace,Prior,Office in a monastery",1678-06-18,0.5,0.4117647058823529,594,high
9155,https://g17.dhi-roma.it/resources/event_4545,,,Camilli periculi,Bellisarius Periculus,Periculi,Periculus,former possessor,providee,0.8235294117647058,https://g17.dhi-roma.it/resources/institution_149,Camerinensis,"deceased in Rome,apostolic provision,papal grace,death of previous holder,Personal reason,Administrative office,Undefined administrative office,Holder of a benefice in a church,Holder of a benefice,Holder of an undefined benefice",,0.5,0.4117647058823529,170,high
8578,https://g17.dhi-roma.it/resources/event_4546,,,Camilli periculi,Bellisarius Periculus,Periculi,Periculus,former possessor,providee,0.8235294117647058,https://g17.dhi-roma.it/resources/institution_149,Camerinensis,"deceased in Rome,apostolic provision,papal grace,death of previous holder,Personal reason,Without care of souls,Administrative office,Undefined administrative office,Holder of a benefice in a church,Holder of a benefice,Holder of an undefined benefice",,0.5,0.4117647058823529,170,high
5029,https://g17.dhi-roma.it/resources/event_6242,,,Ioannis Antonii Victorii,Angelus Victorius,Victorii,Victorius,former possessor,providee,0.8235294117647058,https://g17.dhi-roma.it/resources/institution_46,Amerina,"deceased in Rome,apostolic provision,papal grace,death of previous holder,Personal reason,Without care of souls",1622-05-28,0.5,0.4117647058823529,81,high
1866,https://g17.dhi-roma.it/resources/event_16030,,,Antonii predicti,Gabriel predictus,Predicti,Predictus,former possessor,providee,0.8235294117647058,https://g17.dhi-roma.it/resources/institution_192,Claromontensis,"Resignation,Personal reason,apostolic provision,papal grace,Administrative office,Holder of a canonship,Defined administrative office,Canonship and prebend",1678-08-12,0.5,0.4117647058823529,594,high
1433,https://g17.dhi-roma.it/resources/event_14712,,,Michael predictus,Jacobi predicti,Predictus,Predicti,providee,former possessor,0.8235294117647058,https://g17.dhi-roma.it/resources/institution_241,Eburovicensis,"Resignation,Personal reason,apostolic provision,papal grace,Without care of souls,Pastor,Liturgical office",1678-06-25,0.5,0.4117647058823529,586,high
23,https://g17.dhi-roma.it/resources/event_14675,,,Joannes predictus,Henrici predicti,Predictus,Predicti,providee,former possessor,0.8235294117647058,https://g17.dhi-roma.it/resources/institution_404,Narbonensis,"Resignation,Personal reason,apostolic provision,papal grace,Without care of souls,Pastor,Liturgical office,Church institutions,Collegiate church",1678-06-18,0.5,0.4117647058823529,586,high
659,https://g17.dhi-roma.it/resources/event_1193,,,Iacobi Manfredi,Cesar Manfredus,Manfredi,Manfredus,former possessor,providee,0.8235294117647058,https://g17.dhi-roma.it/resources/institution_344,Lucana,"apostolic provision,papal grace,death of previous holder,Personal reason,Rectorship,Liturgical office,Parish Church,Church institutions",1623-01-01,0.5,0.4117647058823529,122,high
6695,https://g17.dhi-roma.it/resources/event_6309,,,Horatius Olimerius,Michaelis Angeli Olimerii,Olimerius,Olimerii,providee,former possessor,0.8235294117647058,https://g17.dhi-roma.it/resources/institution_256,Feretrana,"apostolic provision,papal grace,death of previous holder,Personal reason,Defined administrative office,Administrative office,Provostship,church,Church institutions",,0.5,0.4117647058823529,165,high
3775,https://g17.dhi-roma.it/resources/event_6395,,,Christophori Turriani,Petrus Turrianus,Turriani,Turrianus,former possessor,providee,0.8235294117647058,https://g17.dhi-roma.it/resources/institution_202,Comensis,"apostolic provision,papal grace,death of previous holder,Personal reason,Church institutions,Collegiate church,Administrative office,Holder of an undefined benefice,Undefined administrative office,Holder of a benefice",1622-08-30,0.5,0.4117647058823529,132,high
1697,https://g17.dhi-roma.it/resources/event_4542,,,Camilli periculi,Bellisarius Periculus,Periculi,Periculus,former possessor,providee,0.8235294117647058,https://g17.dhi-roma.it/resources/institution_423,Nucerina,"deceased in Rome,apostolic provision,papal grace,death of previous holder,Personal reason,Administrative office,Holder of an undefined benefice,Undefined administrative office,Holder of a benefice",,0.5,0.4117647058823529,170,high
6685,https://g17.dhi-roma.it/resources/event_4191,,,Laurentius Sardonius,Laurentii Sardonii Senioris,Sardonius,Sardonii,providee,former possessor,0.8235294117647058,https://g17.dhi-roma.it/resources/institution_328,Leodiensis,"Resignation,Personal reason,apostolic provision,papal grace,Church institutions,Collegiate church,Administrative office,Holder of an undefined benefice,Undefined administrative office,Holder of a benefice",,0.5,0.4117647058823529,361,high
3430,https://g17.dhi-roma.it/resources/event_15866,,,Caroli predicti,Bernardus predictus,Predicti,Predictus,former possessor,providee,0.8235294117647058,https://g17.dhi-roma.it/resources/institution_133,Burdegalensis,"apostolic provision,papal grace,Prior,Office in a monastery,Regular canons,Order of Saint Anthony",,0.5,0.4117647058823529,594,high
6132,https://g17.dhi-roma.it/resources/event_15863,,,Stephani predicti,Petrus predictus,Predicti,Predictus,former possessor,providee,0.8235294117647058,https://g17.dhi-roma.it/resources/institution_670,Vasatensis,"Resignation,Personal reason,apostolic provision,papal grace,Without care of souls,Pastor,Liturgical office,church,Church institutions",,0.5,0.4117647058823529,594,high
8604,https://g17.dhi-roma.it/resources/event_4543,,,Camilli periculi,Bellisarius Periculus,Periculi,Periculus,former possessor,providee,0.8235294117647058,https://g17.dhi-roma.it/resources/institution_423,Nucerina,"deceased in Rome,apostolic provision,papal grace,death of previous holder,Personal reason,Administrative office,Holder of an undefined benefice,Undefined administrative office,Holder of a benefice",,0.5,0.4117647058823529,170,high
7932,https://g17.dhi-roma.it/resources/event_16717,,,Claudius Ioes Poerson,Ioannes Poersonius,Poerson,Poersonius,former possessor,providee,0.8235294117647058,https://g17.dhi-roma.it/resources/institution_587,Tullensis,"apostolic provision,papal grace,death of previous holder,Personal reason,Church institutions,Parish and collegiate church",,0.5,0.4117647058823529,923,high
5255,https://g17.dhi-roma.it/resources/event_5225,,,Bartholomei Guiducci,Ioannis Guiducius,Guiducci,Guiducius,former possessor,providee,0.8235294117647058,https://g17.dhi-roma.it/resources/institution_254,Faventina,"apostolic provision,papal grace,death of previous holder,Personal reason,Administrative office,Holder of a canonship,Defined administrative office,Canonship and prebend,church,Church institutions",1622-02-16,0.5,0.4117647058823529,72,high
1581,https://g17.dhi-roma.it/resources/event_14996,,,Jacobus predictus,Raymundi predicti,Predictus,Predicti,providee,former possessor,0.8235294117647058,https://g17.dhi-roma.it/resources/institution_404,Narbonensis,"Resignation,Personal reason,apostolic provision,papal grace,Without care of souls,Pastor,Liturgical office,Church institutions,Collegiate church",1678-07-01,0.5,0.4117647058823529,586,high
401,https://g17.dhi-roma.it/resources/event_15924,,,Natalis predicti,Hugo predictus,Predicti,Predictus,former possessor,providee,0.8235294117647058,https://g17.dhi-roma.it/resources/institution_1117,electensis,"Resignation,Personal reason,apostolic provision,papal grace,Rectorship,Liturgical office",1678-08-04,0.5,0.4117647058823529,594,high
7761,https://g17.dhi-roma.it/resources/event_1293,,,Antonii Mariae Inglesii,Paulus Inglesius,Inglesii,Inglesius,former possessor,providee,0.8235294117647058,https://g17.dhi-roma.it/resources/institution_493,Rossanensis,"apostolic provision,papal grace,death of previous holder,Personal reason,church,Church institutions,Administrative office,Holder of an undefined benefice,Undefined administrative office,Holder of a benefice",1622-12-01,0.5,0.4117647058823529,52,high
9840,https://g17.dhi-roma.it/resources/event_510,,,Antonius Paulacchinus,Martini Paulacchii,Paulacchinus,Paulacchii,providee,former possessor,0.8181818181818181,https://g17.dhi-roma.it/resources/institution_189,Civitatis Castelli,"apostolic provision,papal grace,death of previous holder,Personal reason,Rectorship,Liturgical office,Parish Church,Church institutions",1622-10-01,0.5,0.40909090909090906,207,high
7986,https://g17.dhi-roma.it/resources/event_3070,,,Joannes Tossanus,Horatii Tossani,Tossanus,Tossani,providee,former possessor,0.8,https://g17.dhi-roma.it/resources/institution_719,Imolensis,"Resignation,Personal reason,apostolic provision,papal grace,Parish Church,Church institutions,Administrative office,Holder of an undefined benefice,Undefined administrative office,Holder of a benefice",1622-02-26,0.5,0.4,170,high
9588,https://g17.dhi-roma.it/resources/event_2860,,,Constantius Scarpius,Stephani Scarpii,Scarpius,Scarpii,providee,former possessor,0.8,https://g17.dhi-roma.it/resources/institution_23,Adriensis,"Resignation,Personal reason,apostolic provision,papal grace,Administrative office,Holder of a canonship,Defined administrative office,Canonship and prebend,church,Church institutions,Holder of an undefined benefice,Undefined administrative office,Holder of a benefice",1622-02-17,0.5,0.4,325,high
4250,https://g17.dhi-roma.it/resources/event_9131,,,Bartholomei ex Goullord,Joannes Iacobus Goulard,Goullord,Goulard,former possessor,providee,0.8,https://g17.dhi-roma.it/resources/institution_589,Turonensis,"apostolic provision,papal grace,Pastor,Liturgical office",1677-12-29,0.5,0.4,73,high
1259,https://g17.dhi-roma.it/resources/event_637,,,Joannes Uldaricus Balde,Hugonis Federici a Baden,Balde,Baden,providee,former possessor,0.8,https://g17.dhi-roma.it/resources/institution_101,Basiliensis,"deceased in Rome,apostolic provision,papal grace,death of previous holder,Personal reason,Administrative office,Holder of a canonship,Defined administrative office,Canonship and prebend,Church institutions,Collegiate church",1622-08-25,0.5,0.4,333,high
6962,https://g17.dhi-roma.it/resources/event_6294,,,Alexandri Masta,Ioannes Donatus Massa,Masta,Massa,former possessor,providee,0.8,https://g17.dhi-roma.it/resources/institution_414,Neritonensis,"apostolic provision,papal grace,death of previous holder,Personal reason",,0.5,0.4,326,high
1368,https://g17.dhi-roma.it/resources/event_4483,,,Francisci Antonii de Ciccho,Angelus de Cico,Ciccho,Cico,former possessor,providee,0.8,https://g17.dhi-roma.it/resources/institution_592,Ugentina,"apostolic provision,papal grace,Restoration,death of previous holder,Personal reason,Administrative office,Holder of an undefined benefice,Undefined administrative office,Holder of a benefice",1622-11-09,0.5,0.4,55,high
2255,https://g17.dhi-roma.it/resources/event_16088,,,Philubertus Soranchet seu Laurauchet,Joannis et Loranchet seu Lauronchet,Laurauchet,Lauronchet,providee,former possessor,0.8,https://g17.dhi-roma.it/resources/institution_243,Augustodunensis,"apostolic provision,papal grace,Without care of souls,Pastor,Liturgical office",1677-10-16,0.5,0.4,93,high
1240,https://g17.dhi-roma.it/resources/event_3067,,,Cesare Cesareus,Francisci Cesarei,Cesareus,Cesarei,providee,former possessor,0.8,https://g17.dhi-roma.it/resources/institution_548,Sulmonensis,"Resignation,Personal reason,apostolic provision,papal grace,church,Church institutions,Administrative office,Holder of an undefined benefice,Undefined administrative office,Holder of a benefice",1622-02-25,0.5,0.4,253,high
9293,https://g17.dhi-roma.it/resources/event_2854,,,Donati Antonii Coschii,Marcus Coschius,Coschii,Coschius,former possessor,providee,0.8,https://g17.dhi-roma.it/resources/institution_231,Cusentina,"Resignation,Personal reason,apostolic provision,papal grace,Administrative office,Undefined administrative office,Holder of a portion,Parish Church,Church institutions",1622-02-15,0.5,0.4,109,high
733,https://g17.dhi-roma.it/resources/event_3062,,,Marci Antonii Perroni,Joannes Thomas Perronus,Perroni,Perronus,former possessor,providee,0.8,https://g17.dhi-roma.it/resources/institution_493,Rossanensis,"Resignation,Personal reason,apostolic provision,papal grace,Administrative office,Holder of a canonship,Defined administrative office,Canonship and prebend,church,Church institutions",1622-02-25,0.5,0.4,255,high
1827,https://g17.dhi-roma.it/resources/event_3066,,,Francisci Cesarei,Cesare Cesareus,Cesarei,Cesareus,former possessor,providee,0.8,https://g17.dhi-roma.it/resources/institution_63,Aquilana,"Resignation,Personal reason,apostolic provision,papal grace,church,Church institutions,Administrative office,Holder of an undefined benefice,Undefined administrative office,Holder of a benefice",1622-02-25,0.5,0.4,159,high
6565,https://g17.dhi-roma.it/resources/event_5334,,,Horatii Marci,Petrus Magri,Marci,Magri,former possessor,providee,0.8,https://g17.dhi-roma.it/resources/institution_493,Rossanensis,"apostolic provision,papal grace,death of previous holder,Personal reason,Without care of souls",,0.5,0.4,564,high
4373,https://g17.dhi-roma.it/resources/event_4530,,,Iulius Panella,Flaminii Paccella,Panella,Paccella,providee,former possessor,0.8,https://g17.dhi-roma.it/resources/institution_400,Muranensis,"apostolic provision,papal grace,death of previous holder,Personal reason,Without care of souls",,0.5,0.4,234,high
3606,https://g17.dhi-roma.it/resources/event_4680,,,Marti de Mulis,Benedictus de Musis,Mulis,Musis,former possessor,providee,0.8,https://g17.dhi-roma.it/resources/institution_460,Placentina provinciae Bononiensis,"apostolic provision,papal grace,death of previous holder,Personal reason,Undetermined reason,Unknown reason,Rectorship,Liturgical office",1623-02-09,0.5,0.4,177,high
891,https://g17.dhi-roma.it/resources/event_16087,,,Philubertus Soranchet seu Laurauchet,Joannis et Loranchet seu Lauronchet,Laurauchet,Lauronchet,providee,former possessor,0.8,https://g17.dhi-roma.it/resources/institution_243,Augustodunensis,"apostolic provision,papal grace,Administrative office,Holder of a canonship,Defined administrative office,Canonship and prebend",1677-10-16,0.5,0.4,93,high
5727,https://g17.dhi-roma.it/resources/event_15809,,,Francisci Le Sage,Ludovicus Lesage,Sage,Lesage,former possessor,providee,0.8,https://g17.dhi-roma.it/resources/institution_495,Rothomagensis,"apostolic provision,papal grace,Rectorship,Liturgical office",1678-07-29,0.5,0.4,175,high
3013,https://g17.dhi-roma.it/resources/event_6049,,,Ioannis Baptista Viniani,Marius Vinianus,Viniani,Vinianus,former possessor,providee,0.8,https://g17.dhi-roma.it/resources/institution_380,Milopotamiensis,"deceased in Rome,apostolic provision,papal grace,death of previous holder,Personal reason,Administrative office,Holder of a canonship,Defined administrative office,Canonship and prebend,church,Church institutions",1622-06-01,0.5,0.4,142,high
7193,https://g17.dhi-roma.it/resources/event_3065,,,Francisci Cesarei,Cesare Cesareus,Cesarei,Cesareus,former possessor,providee,0.8,https://g17.dhi-roma.it/resources/institution_63,Aquilana,"Resignation,Personal reason,apostolic provision,papal grace,Administrative office,Holder of a canonship,Defined administrative office,Canonship and prebend,Church institutions,Collegiate church",1622-02-25,0.5,0.4,159,high
2649,https://g17.dhi-roma.it/resources/event_4529,,,Iulius Panella,Flaminii Paccella,Panella,Paccella,providee,former possessor,0.8,https://g17.dhi-roma.it/resources/institution_400,Muranensis,"apostolic provision,papal grace,death of previous holder,Personal reason,Without care of souls",,0.5,0.4,234,high
8728,https://g17.dhi-roma.it/resources/event_10690,,,Ludovicus Sarrgies,Jois de Sarrige,Sarrgies,Sarrige,providee,former possessor,0.8,https://g17.dhi-roma.it/resources/institution_327,Lemovicensis,"apostolic provision,papal grace,death of previous holder,Personal reason,Prior,Office in a monastery",1678-03-27,0.5,0.4,196,high
